1,http://tieba.baidu.com/f/index/forumpark?cn=%E6%B8%AF%E5%8F%B0%E4%B8%9C%E5%8D%97%E4%BA%9A%E6%98%8E%E6%98%9F&ci=0&pcn=%E5%A8%B1%E4%B9%90%E6%98%8E%E6%98%9F&pci=0&ct=1
2,http://tieba.baidu.com/f/index/forumpark?cn=%E5%86%85%E5%9C%B0%E6%98%8E%E6%98%9F&ci=0&pcn=%E5%A8%B1%E4%B9%90%E6%98%8E%E6%98%9F&pci=0&ct=1
3,http://tieba.baidu.com/f/index/forumpark?cn=%E9%9F%A9%E5%9B%BD%E6%98%8E%E6%98%9F&ci=0&pcn=%E5%A8%B1%E4%B9%90%E6%98%8E%E6%98%9F&pci=0&ct=1
4,http://tieba.baidu.com/f/index/forumpark?cn=%E6%97%A5%E6%9C%AC%E6%98%8E%E6%98%9F&ci=0&pcn=%E5%A8%B1%E4%B9%90%E6%98%8E%E6%98%9F&pci=0&ct=1
5,http://tieba.baidu.com/f/index/forumpark?cn=%E6%97%B6%E5%B0%9A%E4%BA%BA%E7%89%A9&ci=0&pcn=%E5%A8%B1%E4%B9%90%E6%98%8E%E6%98%9F&pci=0&ct=1
6,http://tieba.baidu.com/f/index/forumpark?cn=%E6%AC%A7%E7%BE%8E%E6%98%8E%E6%98%9F&ci=0&pcn=%E5%A8%B1%E4%B9%90%E6%98%8E%E6%98%9F&pci=0&ct=1
7,http://tieba.baidu.com/f/index/forumpark?cn=%E4%B8%BB%E6%8C%81%E4%BA%BA&ci=0&pcn=%E5%A8%B1%E4%B9%90%E6%98%8E%E6%98%9F&pci=0&ct=1
8,http://tieba.baidu.com/f/index/forumpark?cn=%E5%85%B6%E4%BB%96%E5%A8%B1%E4%B9%90%E6%98%8E%E6%98%9F&ci=0&pcn=%E5%A8%B1%E4%B9%90%E6%98%8E%E6%98%9F&pci=0&ct=1
9,http://tieba.baidu.com/f/index/forumpark?cn=%E5%A8%B1%E4%B9%90%E6%98%8E%E6%98%9F%E8%AF%9D%E9%A2%98&ci=0&pcn=%E5%A8%B1%E4%B9%90%E6%98%8E%E6%98%9F&pci=0&ct=1
10,http://tieba.baidu.com/f/index/forumpark?cn=%E5%AF%BC%E6%BC%94&ci=0&pcn=%E5%A8%B1%E4%B9%90%E6%98%8E%E6%98%9F&pci=0&ct=1
11,http://tieba.baidu.com/f/index/forumpark?cn=%E6%88%8F%E6%9B%B2%E6%9B%B2%E8%89%BA%E6%98%8E%E6%98%9F&ci=0&pcn=%E5%A8%B1%E4%B9%90%E6%98%8E%E6%98%9F&pci=0&ct=1
12,http://tieba.baidu.com/f/index/forumpark?cn=2012%E4%B8%AD%E5%9B%BD%E5%A5%BD%E5%A3%B0%E9%9F%B3&ci=0&pcn=%E5%A8%B1%E4%B9%90%E6%98%8E%E6%98%9F&pci=0&ct=1
13,http://tieba.baidu.com/f/index/forumpark?cn=%E9%9F%B3%E4%B9%90%E5%88%B6%E4%BD%9C%E4%BA%BA&ci=0&pcn=%E5%A8%B1%E4%B9%90%E6%98%8E%E6%98%9F&pci=0&ct=1
14,http://tieba.baidu.com/f/index/forumpark?cn=%E5%85%B6%E4%BB%96%E7%B2%89%E4%B8%9D%E7%BB%84%E7%BB%87&ci=0&pcn=%E5%A8%B1%E4%B9%90%E6%98%8E%E6%98%9F&pci=0&ct=1
15,http://tieba.baidu.com/f/index/forumpark?cn=%E6%98%8E%E6%98%9F%E5%AE%98%E6%96%B9%E5%90%A7&ci=0&pcn=%E5%A8%B1%E4%B9%90%E6%98%8E%E6%98%9F&pci=0&ct=1
16,http://tieba.baidu.com/f/index/forumpark?cn=%E7%BD%91%E7%BB%9C%E5%90%8D%E4%BA%BA&ci=0&pcn=%E5%A8%B1%E4%B9%90%E6%98%8E%E6%98%9F&pci=0&ct=1
17,http://tieba.baidu.com/f/index/forumpark?cn=%E5%86%85%E5%9C%B0%E7%BB%BC%E8%89%BA&ci=0&pcn=%E7%94%B5%E8%A7%86%E8%8A%82%E7%9B%AE&pci=0&ct=1
18,http://tieba.baidu.com/f/index/forumpark?cn=%E5%8F%B0%E6%B9%BE%E7%BB%BC%E8%89%BA&ci=0&pcn=%E7%94%B5%E8%A7%86%E8%8A%82%E7%9B%AE&pci=0&ct=1
19,http://tieba.baidu.com/f/index/forumpark?cn=%E9%9F%A9%E5%9B%BD%E7%BB%BC%E8%89%BA&ci=0&pcn=%E7%94%B5%E8%A7%86%E8%8A%82%E7%9B%AE&pci=0&ct=1
20,http://tieba.baidu.com/f/index/forumpark?cn=%E6%97%B6%E5%B0%9A%C2%B7%E7%94%9F%E6%B4%BB%E6%9C%8D%E5%8A%A1&ci=0&pcn=%E7%94%B5%E8%A7%86%E8%8A%82%E7%9B%AE&pci=0&ct=1
21,http://tieba.baidu.com/f/index/forumpark?cn=%E4%BD%93%E8%82%B2%E8%BF%90%E5%8A%A8%C2%B7%E5%81%A5%E8%BA%AB&ci=0&pcn=%E7%94%B5%E8%A7%86%E8%8A%82%E7%9B%AE&pci=0&ct=1
22,http://tieba.baidu.com/f/index/forumpark?cn=%E8%B4%A2%E7%BB%8F%C2%B7%E8%81%8C%E5%9C%BA&ci=0&pcn=%E7%94%B5%E8%A7%86%E8%8A%82%E7%9B%AE&pci=0&ct=1
23,http://tieba.baidu.com/f/index/forumpark?cn=%E6%96%B0%E9%97%BB%E8%B5%84%E8%AE%AF&ci=0&pcn=%E7%94%B5%E8%A7%86%E8%8A%82%E7%9B%AE&pci=0&ct=1
24,http://tieba.baidu.com/f/index/forumpark?cn=%E9%9F%B3%E4%B9%90%C2%B7%E6%96%87%E8%89%BA&ci=0&pcn=%E7%94%B5%E8%A7%86%E8%8A%82%E7%9B%AE&pci=0&ct=1
25,http://tieba.baidu.com/f/index/forumpark?cn=%E7%94%B5%E8%A7%86%E5%8F%B0%E5%8F%8A%E9%A2%91%E9%81%93&ci=0&pcn=%E7%94%B5%E8%A7%86%E8%8A%82%E7%9B%AE&pci=0&ct=1
26,http://tieba.baidu.com/f/index/forumpark?cn=%E5%85%B6%E4%BB%96%E8%8A%82%E7%9B%AE%E5%8F%8A%E8%AF%9D%E9%A2%98&ci=0&pcn=%E7%94%B5%E8%A7%86%E8%8A%82%E7%9B%AE&pci=0&ct=1
27,http://tieba.baidu.com/f/index/forumpark?cn=%E7%A7%91%E6%95%99%E8%AE%B0%E5%BD%95%C2%B7%E7%A4%BE%E4%BC%9A%E4%B8%8E%E6%B3%95&ci=0&pcn=%E7%94%B5%E8%A7%86%E8%8A%82%E7%9B%AE&pci=0&ct=1
28,http://tieba.baidu.com/f/index/forumpark?cn=%E5%B0%91%E5%84%BF%C2%B7%E6%95%99%E8%82%B2&ci=0&pcn=%E7%94%B5%E8%A7%86%E8%8A%82%E7%9B%AE&pci=0&ct=1
29,http://tieba.baidu.com/f/index/forumpark?cn=%E5%B9%BF%E6%92%AD%E7%94%B5%E5%8F%B0&ci=0&pcn=%E7%94%B5%E8%A7%86%E8%8A%82%E7%9B%AE&pci=0&ct=1
30,http://tieba.baidu.com/f/index/forumpark?cn=%E9%9F%A9%E5%9B%BD%E7%94%B5%E8%A7%86%E5%89%A7&ci=0&pcn=%E7%94%B5%E8%A7%86%E5%89%A7&pci=0&ct=1
31,http://tieba.baidu.com/f/index/forumpark?cn=%E9%A6%99%E6%B8%AF%E7%94%B5%E8%A7%86%E5%89%A7&ci=0&pcn=%E7%94%B5%E8%A7%86%E5%89%A7&pci=0&ct=1
32,http://tieba.baidu.com/f/index/forumpark?cn=%E7%BE%8E%E5%89%A7&ci=0&pcn=%E7%94%B5%E8%A7%86%E5%89%A7&pci=0&ct=1
33,http://tieba.baidu.com/f/index/forumpark?cn=%E6%97%A5%E6%9C%AC%E7%94%B5%E8%A7%86%E5%89%A7&ci=0&pcn=%E7%94%B5%E8%A7%86%E5%89%A7&pci=0&ct=1
34,http://tieba.baidu.com/f/index/forumpark?cn=%E5%86%85%E5%9C%B0%E7%94%B5%E8%A7%86%E5%89%A7&ci=0&pcn=%E7%94%B5%E8%A7%86%E5%89%A7&pci=0&ct=1
35,http://tieba.baidu.com/f/index/forumpark?cn=%E5%8F%B0%E6%B9%BE%E7%94%B5%E8%A7%86%E5%89%A7&ci=0&pcn=%E7%94%B5%E8%A7%86%E5%89%A7&pci=0&ct=1
36,http://tieba.baidu.com/f/index/forumpark?cn=%E4%B8%9C%E5%8D%97%E4%BA%9A%E7%94%B5%E8%A7%86%E5%89%A7&ci=0&pcn=%E7%94%B5%E8%A7%86%E5%89%A7&pci=0&ct=1
37,http://tieba.baidu.com/f/index/forumpark?cn=%E5%85%B6%E4%BB%96%E5%9C%B0%E5%8C%BA%E7%94%B5%E8%A7%86%E5%89%A7&ci=0&pcn=%E7%94%B5%E8%A7%86%E5%89%A7&pci=0&ct=1
38,http://tieba.baidu.com/f/index/forumpark?cn=%E7%94%B5%E8%A7%86%E5%89%A7%E8%A7%92%E8%89%B2&ci=0&pcn=%E7%94%B5%E8%A7%86%E5%89%A7&pci=0&ct=1
39,http://tieba.baidu.com/f/index/forumpark?cn=%E7%94%B5%E8%A7%86%E5%89%A7%E8%AF%9D%E9%A2%98&ci=0&pcn=%E7%94%B5%E8%A7%86%E5%89%A7&pci=0&ct=1
40,http://tieba.baidu.com/f/index/forumpark?cn=%E9%A6%99%E6%B8%AF%E7%94%B5%E5%BD%B1&ci=0&pcn=%E7%94%B5%E5%BD%B1&pci=0&ct=1
41,http://tieba.baidu.com/f/index/forumpark?cn=%E6%AC%A7%E7%BE%8E%E7%94%B5%E5%BD%B1&ci=0&pcn=%E7%94%B5%E5%BD%B1&pci=0&ct=1
42,http://tieba.baidu.com/f/index/forumpark?cn=%E5%86%85%E5%9C%B0%E7%94%B5%E5%BD%B1&ci=0&pcn=%E7%94%B5%E5%BD%B1&pci=0&ct=1
43,http://tieba.baidu.com/f/index/forumpark?cn=%E9%9F%A9%E5%9B%BD%E7%94%B5%E5%BD%B1&ci=0&pcn=%E7%94%B5%E5%BD%B1&pci=0&ct=1
44,http://tieba.baidu.com/f/index/forumpark?cn=%E6%97%A5%E6%9C%AC%E7%94%B5%E5%BD%B1&ci=0&pcn=%E7%94%B5%E5%BD%B1&pci=0&ct=1
45,http://tieba.baidu.com/f/index/forumpark?cn=%E5%8F%B0%E6%B9%BE%E7%94%B5%E5%BD%B1&ci=0&pcn=%E7%94%B5%E5%BD%B1&pci=0&ct=1
46,http://tieba.baidu.com/f/index/forumpark?cn=%E7%94%B5%E5%BD%B1%E8%AF%9D%E9%A2%98&ci=0&pcn=%E7%94%B5%E5%BD%B1&pci=0&ct=1
47,http://tieba.baidu.com/f/index/forumpark?cn=%E4%B8%9C%E5%8D%97%E4%BA%9A%E7%94%B5%E5%BD%B1&ci=0&pcn=%E7%94%B5%E5%BD%B1&pci=0&ct=1
48,http://tieba.baidu.com/f/index/forumpark?cn=%E5%85%B6%E4%BB%96%E5%9C%B0%E5%8C%BA%E7%94%B5%E5%BD%B1&ci=0&pcn=%E7%94%B5%E5%BD%B1&pci=0&ct=1
49,http://tieba.baidu.com/f/index/forumpark?cn=%E4%B8%A5%E8%82%83%E5%B0%8F%E8%AF%B4&ci=0&pcn=%E6%96%87%E5%AD%A6&pci=0&ct=1
50,http://tieba.baidu.com/f/index/forumpark?cn=%E4%B8%AD%E5%9B%BD%E5%8F%A4%E4%BB%A3%E4%BD%9C%E5%AE%B6&ci=0&pcn=%E6%96%87%E5%AD%A6&pci=0&ct=1
51,http://tieba.baidu.com/f/index/forumpark?cn=%E4%B8%AD%E5%9B%BD%E5%BD%93%E4%BB%A3%E4%BD%9C%E5%AE%B6&ci=0&pcn=%E6%96%87%E5%AD%A6&pci=0&ct=1
52,http://tieba.baidu.com/f/index/forumpark?cn=%E4%B8%AD%E5%9B%BD%E8%BF%91%E7%8E%B0%E4%BB%A3%E4%BD%9C%E5%AE%B6&ci=0&pcn=%E6%96%87%E5%AD%A6&pci=0&ct=1
53,http://tieba.baidu.com/f/index/forumpark?cn=%E4%BC%A0%E7%BB%9F%E6%AD%A6%E4%BE%A0%E5%B0%8F%E8%AF%B4&ci=0&pcn=%E6%96%87%E5%AD%A6&pci=0&ct=1
54,http://tieba.baidu.com/f/index/forumpark?cn=%E5%84%BF%E7%AB%A5%E6%96%87%E5%AD%A6&ci=0&pcn=%E6%96%87%E5%AD%A6&pci=0&ct=1
55,http://tieba.baidu.com/f/index/forumpark?cn=%E5%85%B6%E4%BB%96%E5%B0%8F%E8%AF%B4%E4%BD%9C%E5%93%81&ci=0&pcn=%E6%96%87%E5%AD%A6&pci=0&ct=1
56,http://tieba.baidu.com/f/index/forumpark?cn=%E5%86%9B%E4%BA%8B%C2%B7%E5%8E%86%E5%8F%B2%E5%B0%8F%E8%AF%B4&ci=0&pcn=%E6%96%87%E5%AD%A6&pci=0&ct=1
57,http://tieba.baidu.com/f/index/forumpark?cn=%E5%8F%A4%E5%85%B8%E6%96%87%E5%AD%A6&ci=0&pcn=%E6%96%87%E5%AD%A6&pci=0&ct=1
58,http://tieba.baidu.com/f/index/forumpark?cn=%E5%8F%A4%E8%A8%80%E5%B0%8F%E8%AF%B4&ci=0&pcn=%E6%96%87%E5%AD%A6&pci=0&ct=1
59,http://tieba.baidu.com/f/index/forumpark?cn=%E5%A4%96%E5%9B%BD%E4%BD%9C%E5%AE%B6&ci=0&pcn=%E6%96%87%E5%AD%A6&pci=0&ct=1
60,http://tieba.baidu.com/f/index/forumpark?cn=%E5%A4%96%E5%9B%BD%E6%96%87%E5%AD%A6&ci=0&pcn=%E6%96%87%E5%AD%A6&pci=0&ct=1
61,http://tieba.baidu.com/f/index/forumpark?cn=%E5%A5%87%E5%B9%BB%C2%B7%E7%8E%84%E5%B9%BB%E5%B0%8F%E8%AF%B4&ci=0&pcn=%E6%96%87%E5%AD%A6&pci=0&ct=1
62,http://tieba.baidu.com/f/index/forumpark?cn=%E5%BD%93%E4%BB%A3%E5%85%B6%E4%BB%96%E6%96%87%E5%AD%A6%E4%BD%9C%E5%93%81&ci=0&pcn=%E6%96%87%E5%AD%A6&pci=0&ct=1
63,http://tieba.baidu.com/f/index/forumpark?cn=%E6%82%AC%E7%96%91%C2%B7%E6%8E%A8%E7%90%86%E5%B0%8F%E8%AF%B4&ci=0&pcn=%E6%96%87%E5%AD%A6&pci=0&ct=1
64,http://tieba.baidu.com/f/index/forumpark?cn=%E6%96%87%E5%AD%A6%E4%BA%BA%E7%89%A9&ci=0&pcn=%E6%96%87%E5%AD%A6&pci=0&ct=1
65,http://tieba.baidu.com/f/index/forumpark?cn=%E6%96%87%E5%AD%A6%E6%9C%9F%E5%88%8A&ci=0&pcn=%E6%96%87%E5%AD%A6&pci=0&ct=1
66,http://tieba.baidu.com/f/index/forumpark?cn=%E6%96%87%E5%AD%A6%E8%AF%9D%E9%A2%98&ci=0&pcn=%E6%96%87%E5%AD%A6&pci=0&ct=1
67,http://tieba.baidu.com/f/index/forumpark?cn=%E6%B8%B8%E6%88%8F%E5%B0%8F%E8%AF%B4&ci=0&pcn=%E6%96%87%E5%AD%A6&pci=0&ct=1
68,http://tieba.baidu.com/f/index/forumpark?cn=%E7%81%B5%E5%BC%82%C2%B7%E8%B6%85%E8%83%BD%E5%8A%9B%E5%B0%8F%E8%AF%B4&ci=0&pcn=%E6%96%87%E5%AD%A6&pci=0&ct=1
69,http://tieba.baidu.com/f/index/forumpark?cn=%E7%A7%91%E5%B9%BB%E5%B0%8F%E8%AF%B4&ci=0&pcn=%E6%96%87%E5%AD%A6&pci=0&ct=1
70,http://tieba.baidu.com/f/index/forumpark?cn=%E8%BF%91%E7%8E%B0%E4%BB%A3%E6%96%87%E5%AD%A6%E4%BD%9C%E5%93%81&ci=0&pcn=%E6%96%87%E5%AD%A6&pci=0&ct=1
71,http://tieba.baidu.com/f/index/forumpark?cn=%E9%83%BD%E5%B8%82%C2%B7%E8%A8%80%E6%83%85%E5%B0%8F%E8%AF%B4&ci=0&pcn=%E6%96%87%E5%AD%A6&pci=0&ct=1
72,http://tieba.baidu.com/f/index/forumpark?cn=DIY&ci=72&pcn=%E7%94%9F%E6%B4%BB%E5%AE%B6&pci=214&ct=0
73,http://tieba.baidu.com/f/index/forumpark?cn=%E6%91%84%E5%BD%B1&ci=82&pcn=%E7%94%9F%E6%B4%BB%E5%AE%B6&pci=214&ct=0
74,http://tieba.baidu.com/f/index/forumpark?cn=%E7%94%BB%E7%94%BB&ci=91&pcn=%E7%94%9F%E6%B4%BB%E5%AE%B6&pci=214&ct=0
75,http://tieba.baidu.com/f/index/forumpark?cn=%E6%97%85%E8%A1%8C&ci=92&pcn=%E7%94%9F%E6%B4%BB%E5%AE%B6&pci=214&ct=0
76,http://tieba.baidu.com/f/index/forumpark?cn=%E5%A5%A2%E4%BE%88%E5%93%81&ci=93&pcn=%E7%94%9F%E6%B4%BB%E5%AE%B6&pci=214&ct=0
77,http://tieba.baidu.com/f/index/forumpark?cn=%E6%89%8B%E7%BB%98&ci=94&pcn=%E7%94%9F%E6%B4%BB%E5%AE%B6&pci=214&ct=0
78,http://tieba.baidu.com/f/index/forumpark?cn=%E6%84%8F%E5%A2%83&ci=95&pcn=%E7%94%9F%E6%B4%BB%E5%AE%B6&pci=214&ct=0
79,http://tieba.baidu.com/f/index/forumpark?cn=%E5%8F%A4%E7%8E%A9&ci=202&pcn=%E7%94%9F%E6%B4%BB%E5%AE%B6&pci=214&ct=0
80,http://tieba.baidu.com/f/index/forumpark?cn=%E6%A8%A1%E5%9E%8B&ci=203&pcn=%E7%94%9F%E6%B4%BB%E5%AE%B6&pci=214&ct=0
81,http://tieba.baidu.com/f/index/forumpark?cn=%E5%BD%A9%E7%A5%A8&ci=215&pcn=%E7%94%9F%E6%B4%BB%E5%AE%B6&pci=214&ct=0
82,http://tieba.baidu.com/f/index/forumpark?cn=%E8%8C%B6&ci=216&pcn=%E7%94%9F%E6%B4%BB%E5%AE%B6&pci=214&ct=0
83,http://tieba.baidu.com/f/index/forumpark?cn=%E8%BD%A6&ci=217&pcn=%E7%94%9F%E6%B4%BB%E5%AE%B6&pci=214&ct=0
84,http://tieba.baidu.com/f/index/forumpark?cn=%E5%88%9B%E4%BD%9C&ci=218&pcn=%E7%94%9F%E6%B4%BB%E5%AE%B6&pci=214&ct=0
85,http://tieba.baidu.com/f/index/forumpark?cn=%E4%BA%8C%E6%89%8B&ci=219&pcn=%E7%94%9F%E6%B4%BB%E5%AE%B6&pci=214&ct=0
86,http://tieba.baidu.com/f/index/forumpark?cn=%E4%BA%A4%E6%B5%81&ci=220&pcn=%E7%94%9F%E6%B4%BB%E5%AE%B6&pci=214&ct=0
87,http://tieba.baidu.com/f/index/forumpark?cn=%E7%BB%8F%E9%AA%8C&ci=221&pcn=%E7%94%9F%E6%B4%BB%E5%AE%B6&pci=214&ct=0
88,http://tieba.baidu.com/f/index/forumpark?cn=%E8%8A%B1&ci=224&pcn=%E7%94%9F%E6%B4%BB%E5%AE%B6&pci=214&ct=0
89,http://tieba.baidu.com/f/index/forumpark?cn=%E6%A4%8D%E7%89%A9&ci=225&pcn=%E7%94%9F%E6%B4%BB%E5%AE%B6&pci=214&ct=0
90,http://tieba.baidu.com/f/index/forumpark?cn=%E5%AE%B6%E5%B1%85&ci=226&pcn=%E7%94%9F%E6%B4%BB%E5%AE%B6&pci=214&ct=0
91,http://tieba.baidu.com/f/index/forumpark?cn=%E5%B0%8F%E8%80%8C%E7%BE%8E&ci=244&pcn=%E7%94%9F%E6%B4%BB%E5%AE%B6&pci=214&ct=0
92,http://tieba.baidu.com/f/index/forumpark?cn=%E7%90%86%E8%B4%A2&ci=272&pcn=%E7%94%9F%E6%B4%BB%E5%AE%B6&pci=214&ct=0
93,http://tieba.baidu.com/f/index/forumpark?cn=%E6%8A%95%E8%B5%84&ci=273&pcn=%E7%94%9F%E6%B4%BB%E5%AE%B6&pci=214&ct=0
94,http://tieba.baidu.com/f/index/forumpark?cn=%E8%81%8C%E5%9C%BA&ci=274&pcn=%E7%94%9F%E6%B4%BB%E5%AE%B6&pci=214&ct=0
95,http://tieba.baidu.com/f/index/forumpark?cn=%E5%A4%9A%E8%82%89%E6%A4%8D%E7%89%A9&ci=357&pcn=%E7%94%9F%E6%B4%BB%E5%AE%B6&pci=214&ct=0
96,http://tieba.baidu.com/f/index/forumpark?cn=%E6%89%8B%E5%B7%A5&ci=358&pcn=%E7%94%9F%E6%B4%BB%E5%AE%B6&pci=214&ct=0
97,http://tieba.baidu.com/f/index/forumpark?cn=%E5%86%B7%E9%97%A8%E6%94%B6%E8%97%8F&ci=376&pcn=%E7%94%9F%E6%B4%BB%E5%AE%B6&pci=214&ct=0
98,http://tieba.baidu.com/f/index/forumpark?cn=%E7%94%9C%E5%93%81&ci=378&pcn=%E7%94%9F%E6%B4%BB%E5%AE%B6&pci=214&ct=0
99,http://tieba.baidu.com/f/index/forumpark?cn=%E7%BE%8E%E9%A3%9F&ci=380&pcn=%E7%94%9F%E6%B4%BB%E5%AE%B6&pci=214&ct=0
100,http://tieba.baidu.com/f/index/forumpark?cn=%E8%B4%AD%E7%89%A9&ci=428&pcn=%E7%94%9F%E6%B4%BB%E5%AE%B6&pci=214&ct=0
101,http://tieba.baidu.com/f/index/forumpark?cn=%E5%8F%98%E7%BE%8E&ci=520&pcn=%E7%94%9F%E6%B4%BB%E5%AE%B6&pci=214&ct=0
102,http://tieba.baidu.com/f/index/forumpark?cn=%E7%95%99%E5%AD%A6%E7%A7%BB%E6%B0%91&ci=521&pcn=%E7%94%9F%E6%B4%BB%E5%AE%B6&pci=214&ct=0
103,http://tieba.baidu.com/f/index/forumpark?cn=%E6%96%87%E7%8E%A9&ci=522&pcn=%E7%94%9F%E6%B4%BB%E5%AE%B6&pci=214&ct=0
104,http://tieba.baidu.com/f/index/forumpark?cn=%E8%90%8C%E5%AE%A0&ci=4&pcn=%E9%97%B2%C2%B7%E8%B6%A3&pci=429&ct=0
105,http://tieba.baidu.com/f/index/forumpark?cn=%E5%96%B5%E6%98%9F%E4%BA%BA&ci=5&pcn=%E9%97%B2%C2%B7%E8%B6%A3&pci=429&ct=0
106,http://tieba.baidu.com/f/index/forumpark?cn=%E8%90%9D%E8%8E%89&ci=6&pcn=%E9%97%B2%C2%B7%E8%B6%A3&pci=429&ct=0
107,http://tieba.baidu.com/f/index/forumpark?cn=%E7%AB%A5%E5%B9%B4&ci=8&pcn=%E9%97%B2%C2%B7%E8%B6%A3&pci=429&ct=0
108,http://tieba.baidu.com/f/index/forumpark?cn=%E6%B1%AA%E6%98%9F%E4%BA%BA&ci=9&pcn=%E9%97%B2%C2%B7%E8%B6%A3&pci=429&ct=0
109,http://tieba.baidu.com/f/index/forumpark?cn=%E6%AD%A3%E5%A4%AA&ci=11&pcn=%E9%97%B2%C2%B7%E8%B6%A3&pci=429&ct=0
110,http://tieba.baidu.com/f/index/forumpark?cn=%E7%88%86%E6%96%99&ci=42&pcn=%E9%97%B2%C2%B7%E8%B6%A3&pci=429&ct=0
111,http://tieba.baidu.com/f/index/forumpark?cn=%E5%90%90%E6%A7%BD&ci=152&pcn=%E9%97%B2%C2%B7%E8%B6%A3&pci=429&ct=0
112,http://tieba.baidu.com/f/index/forumpark?cn=%E5%86%85%E6%B6%B5&ci=254&pcn=%E9%97%B2%C2%B7%E8%B6%A3&pci=429&ct=0
113,http://tieba.baidu.com/f/index/forumpark?cn=%E6%81%90%E6%80%96&ci=255&pcn=%E9%97%B2%C2%B7%E8%B6%A3&pci=429&ct=0
114,http://tieba.baidu.com/f/index/forumpark?cn=%E9%87%8D%E5%8F%A3%E5%91%B3&ci=257&pcn=%E9%97%B2%C2%B7%E8%B6%A3&pci=429&ct=0
115,http://tieba.baidu.com/f/index/forumpark?cn=%E6%98%9F%E5%BA%A7&ci=263&pcn=%E9%97%B2%C2%B7%E8%B6%A3&pci=429&ct=0
116,http://tieba.baidu.com/f/index/forumpark?cn=%E5%AE%A2%E6%88%B7%E7%AB%AF%E7%BD%91%E6%B8%B8&ci=0&pcn=%E6%B8%B8%E6%88%8F&pci=0&ct=1
117,http://tieba.baidu.com/f/index/forumpark?cn=%E6%A1%8C%E6%B8%B8&ci=0&pcn=%E6%B8%B8%E6%88%8F&pci=0&ct=1
118,http://tieba.baidu.com/f/index/forumpark?cn=%E6%B8%B8%E6%88%8F%E8%A7%92%E8%89%B2&ci=0&pcn=%E6%B8%B8%E6%88%8F&pci=0&ct=1
119,http://tieba.baidu.com/f/index/forumpark?cn=%E7%BD%91%E9%A1%B5%E7%89%88%E7%BD%91%E6%B8%B8&ci=0&pcn=%E6%B8%B8%E6%88%8F&pci=0&ct=1
120,http://tieba.baidu.com/f/index/forumpark?cn=%E6%89%8B%E6%9C%BA%E6%B8%B8%E6%88%8F&ci=0&pcn=%E6%B8%B8%E6%88%8F&pci=0&ct=1
121,http://tieba.baidu.com/f/index/forumpark?cn=%E5%B0%8F%E6%B8%B8%E6%88%8F&ci=0&pcn=%E6%B8%B8%E6%88%8F&pci=0&ct=1
122,http://tieba.baidu.com/f/index/forumpark?cn=%E5%8D%95%E6%9C%BA%E6%B8%B8%E6%88%8F&ci=0&pcn=%E6%B8%B8%E6%88%8F&pci=0&ct=1
123,http://tieba.baidu.com/f/index/forumpark?cn=%E6%8E%8C%E6%9C%BA%E6%B8%B8%E6%88%8F&ci=0&pcn=%E6%B8%B8%E6%88%8F&pci=0&ct=1
124,http://tieba.baidu.com/f/index/forumpark?cn=%E7%94%B5%E8%A7%86%E6%B8%B8%E6%88%8F&ci=0&pcn=%E6%B8%B8%E6%88%8F&pci=0&ct=1
125,http://tieba.baidu.com/f/index/forumpark?cn=%E5%85%B6%E4%BB%96%E6%B8%B8%E6%88%8F%E5%8F%8A%E8%AF%9D%E9%A2%98&ci=0&pcn=%E6%B8%B8%E6%88%8F&pci=0&ct=1
126,http://tieba.baidu.com/f/index/forumpark?cn=%E7%94%B5%E5%AD%90%E7%AB%9E%E6%8A%80%E5%8F%8A%E9%80%89%E6%89%8B&ci=0&pcn=%E6%B8%B8%E6%88%8F&pci=0&ct=1
127,http://tieba.baidu.com/f/index/forumpark?cn=%E7%9B%B4%E6%92%AD%E5%B9%B3%E5%8F%B0%E5%8F%8A%E4%B8%BB%E6%92%AD&ci=0&pcn=%E6%B8%B8%E6%88%8F&pci=0&ct=1
128,http://tieba.baidu.com/f/index/forumpark?cn=%E4%B8%BB%E6%9C%BA%E5%8F%8A%E5%8D%95%E6%9C%BA%E6%B8%B8%E6%88%8F&ci=0&pcn=%E6%B8%B8%E6%88%8F&pci=0&ct=1
129,http://tieba.baidu.com/f/index/forumpark?cn=%E6%B8%B8%E6%88%8F%E5%B9%B3%E5%8F%B0&ci=0&pcn=%E6%B8%B8%E6%88%8F&pci=0&ct=1
130,http://tieba.baidu.com/f/index/forumpark?cn=%E6%B8%B8%E6%88%8F%E4%BA%A4%E6%98%93%E5%8F%8A%E5%8A%9F%E8%83%BD&ci=0&pcn=%E6%B8%B8%E6%88%8F&pci=0&ct=1
131,http://tieba.baidu.com/f/index/forumpark?cn=%E6%8E%A8%E7%90%86&ci=83&pcn=%E5%8A%A8%E6%BC%AB%E5%AE%85&pci=206&ct=0
132,http://tieba.baidu.com/f/index/forumpark?cn=%E5%A3%B0%E4%BC%98&ci=210&pcn=%E5%8A%A8%E6%BC%AB%E5%AE%85&pci=206&ct=0
133,http://tieba.baidu.com/f/index/forumpark?cn=COS&ci=212&pcn=%E5%8A%A8%E6%BC%AB%E5%AE%85&pci=206&ct=0
134,http://tieba.baidu.com/f/index/forumpark?cn=%E6%97%A5%E6%9C%AC%E5%8A%A8%E6%BC%AB&ci=312&pcn=%E5%8A%A8%E6%BC%AB%E5%AE%85&pci=206&ct=0
135,http://tieba.baidu.com/f/index/forumpark?cn=%E5%9B%BD%E4%BA%A7%E5%8A%A8%E6%BC%AB&ci=313&pcn=%E5%8A%A8%E6%BC%AB%E5%AE%85&pci=206&ct=0
136,http://tieba.baidu.com/f/index/forumpark?cn=%E6%AC%A7%E7%BE%8E%E5%8A%A8%E6%BC%AB&ci=314&pcn=%E5%8A%A8%E6%BC%AB%E5%AE%85&pci=206&ct=0
137,http://tieba.baidu.com/f/index/forumpark?cn=%E5%B0%91%E7%94%B7%E6%BC%AB&ci=315&pcn=%E5%8A%A8%E6%BC%AB%E5%AE%85&pci=206&ct=0
138,http://tieba.baidu.com/f/index/forumpark?cn=%E6%9A%B4%E8%B5%B0%E6%BC%AB%E7%94%BB&ci=316&pcn=%E5%8A%A8%E6%BC%AB%E5%AE%85&pci=206&ct=0
139,http://tieba.baidu.com/f/index/forumpark?cn=%E8%80%BD%E7%BE%8E%E6%BC%AB%E7%94%BB&ci=317&pcn=%E5%8A%A8%E6%BC%AB%E5%AE%85&pci=206&ct=0
140,http://tieba.baidu.com/f/index/forumpark?cn=%E5%B0%91%E5%A5%B3%E6%BC%AB%E7%94%BB&ci=318&pcn=%E5%8A%A8%E6%BC%AB%E5%AE%85&pci=206&ct=0
141,http://tieba.baidu.com/f/index/forumpark?cn=%E6%90%9E%E7%AC%91%E6%BC%AB%E7%94%BB&ci=319&pcn=%E5%8A%A8%E6%BC%AB%E5%AE%85&pci=206&ct=0
142,http://tieba.baidu.com/f/index/forumpark?cn=%E7%A7%91%E5%B9%BB%E7%B3%BB&ci=320&pcn=%E5%8A%A8%E6%BC%AB%E5%AE%85&pci=206&ct=0
143,http://tieba.baidu.com/f/index/forumpark?cn=%E5%86%92%E9%99%A9&ci=321&pcn=%E5%8A%A8%E6%BC%AB%E5%AE%85&pci=206&ct=0
144,http://tieba.baidu.com/f/index/forumpark?cn=%E9%9D%92%E6%98%A5%E6%81%8B%E7%88%B1&ci=322&pcn=%E5%8A%A8%E6%BC%AB%E5%AE%85&pci=206&ct=0
145,http://tieba.baidu.com/f/index/forumpark?cn=%E7%83%AD%E8%A1%80%E5%8A%A8%E6%BC%AB&ci=323&pcn=%E5%8A%A8%E6%BC%AB%E5%AE%85&pci=206&ct=0
146,http://tieba.baidu.com/f/index/forumpark?cn=%E5%90%8C%E4%BA%BA&ci=417&pcn=%E5%8A%A8%E6%BC%AB%E5%AE%85&pci=206&ct=0
147,http://tieba.baidu.com/f/index/forumpark?cn=%E6%89%8B%E5%8A%9E&ci=418&pcn=%E5%8A%A8%E6%BC%AB%E5%AE%85&pci=206&ct=0
148,http://tieba.baidu.com/f/index/forumpark?cn=%E5%81%B6%E5%83%8F%E6%98%8E%E6%98%9F&ci=19&pcn=%E8%BF%BD%E6%98%9F%E6%97%8F&pci=383&ct=0
149,http://tieba.baidu.com/f/index/forumpark?cn=%E9%9F%A9%E9%A5%AD&ci=29&pcn=%E8%BF%BD%E6%98%9F%E6%97%8F&pci=383&ct=0
150,http://tieba.baidu.com/f/index/forumpark?cn=%E5%A8%B1%E4%B9%90%E5%85%AB%E5%8D%A6&ci=259&pcn=%E8%BF%BD%E6%98%9F%E6%97%8F&pci=383&ct=0
151,http://tieba.baidu.com/f/index/forumpark?cn=%E6%AC%A7%E7%BE%8E%E6%98%8E%E6%98%9F&ci=300&pcn=%E8%BF%BD%E6%98%9F%E6%97%8F&pci=383&ct=0
152,http://tieba.baidu.com/f/index/forumpark?cn=%E6%B8%AF%E5%8F%B0%E6%98%8E%E6%98%9F&ci=301&pcn=%E8%BF%BD%E6%98%9F%E6%97%8F&pci=383&ct=0
153,http://tieba.baidu.com/f/index/forumpark?cn=%E5%86%85%E5%9C%B0%E6%98%8E%E6%98%9F&ci=302&pcn=%E8%BF%BD%E6%98%9F%E6%97%8F&pci=383&ct=0
154,http://tieba.baidu.com/f/index/forumpark?cn=%E7%90%83%E6%98%9F&ci=303&pcn=%E8%BF%BD%E6%98%9F%E6%97%8F&pci=383&ct=0
155,http://tieba.baidu.com/f/index/forumpark?cn=%E7%AF%AE%E7%90%83%E6%98%8E%E6%98%9F&ci=304&pcn=%E8%BF%BD%E6%98%9F%E6%97%8F&pci=383&ct=0
156,http://tieba.baidu.com/f/index/forumpark?cn=%E7%AC%91%E6%98%9F&ci=305&pcn=%E8%BF%BD%E6%98%9F%E6%97%8F&pci=383&ct=0
157,http://tieba.baidu.com/f/index/forumpark?cn=%E4%B9%90%E9%98%9F&ci=306&pcn=%E8%BF%BD%E6%98%9F%E6%97%8F&pci=383&ct=0
158,http://tieba.baidu.com/f/index/forumpark?cn=%E6%97%B6%E5%B0%9A%E6%98%8E%E6%98%9F&ci=307&pcn=%E8%BF%BD%E6%98%9F%E6%97%8F&pci=383&ct=0
159,http://tieba.baidu.com/f/index/forumpark?cn=%E4%B8%BB%E6%8C%81%E4%BA%BA&ci=308&pcn=%E8%BF%BD%E6%98%9F%E6%97%8F&pci=383&ct=0
160,http://tieba.baidu.com/f/index/forumpark?cn=%E5%A3%B0%E4%BC%98%E6%8E%A7&ci=309&pcn=%E8%BF%BD%E6%98%9F%E6%97%8F&pci=383&ct=0
161,http://tieba.baidu.com/f/index/forumpark?cn=%E5%B8%85%E5%A4%A7%E5%8F%94&ci=310&pcn=%E8%BF%BD%E6%98%9F%E6%97%8F&pci=383&ct=0
162,http://tieba.baidu.com/f/index/forumpark?cn=%E6%97%A5%E9%A5%AD&ci=415&pcn=%E8%BF%BD%E6%98%9F%E6%97%8F&pci=383&ct=0
163,http://tieba.baidu.com/f/index/forumpark?cn=%E5%85%B6%E4%BB%96%E5%B7%A5%E5%86%9C%E4%B8%9A%E4%BA%A7%E5%93%81%E5%8F%8A%E8%AF%9D%E9%A2%98&ci=0&pcn=%E5%B7%A5%E5%86%9C%E4%B8%9A%E4%BA%A7%E5%93%81&pci=0&ct=1
164,http://tieba.baidu.com/f/index/forumpark?cn=%E5%86%9C%E6%9E%97%E7%89%A7%E6%B8%94&ci=0&pcn=%E5%B7%A5%E5%86%9C%E4%B8%9A%E4%BA%A7%E5%93%81&pci=0&ct=1
165,http://tieba.baidu.com/f/index/forumpark?cn=%E5%8C%85%E8%A3%85%2F%E5%8D%B0%E5%88%B7%2F%E7%BA%B8%E4%B8%9A&ci=0&pcn=%E5%B7%A5%E5%86%9C%E4%B8%9A%E4%BA%A7%E5%93%81&pci=0&ct=1
166,http://tieba.baidu.com/f/index/forumpark?cn=%E5%8C%BB%E7%96%97%E5%99%A8%E6%A2%B0&ci=0&pcn=%E5%B7%A5%E5%86%9C%E4%B8%9A%E4%BA%A7%E5%93%81&pci=0&ct=1
167,http://tieba.baidu.com/f/index/forumpark?cn=%E5%AE%89%E5%85%A8%E9%98%B2%E6%8A%A4&ci=0&pcn=%E5%B7%A5%E5%86%9C%E4%B8%9A%E4%BA%A7%E5%93%81&pci=0&ct=1
168,http://tieba.baidu.com/f/index/forumpark?cn=%E6%9C%BA%E6%A2%B0%E8%AE%BE%E5%A4%87&ci=0&pcn=%E5%B7%A5%E5%86%9C%E4%B8%9A%E4%BA%A7%E5%93%81&pci=0&ct=1
169,http://tieba.baidu.com/f/index/forumpark?cn=%E7%94%B5%E5%AD%90%E7%94%B5%E5%B7%A5&ci=0&pcn=%E5%B7%A5%E5%86%9C%E4%B8%9A%E4%BA%A7%E5%93%81&pci=0&ct=1
170,http://tieba.baidu.com/f/index/forumpark?cn=%E7%BA%BA%E7%BB%87%2F%E5%8C%96%E5%B7%A5%2F%E5%8C%96%E5%AD%A6%E5%93%81&ci=0&pcn=%E5%B7%A5%E5%86%9C%E4%B8%9A%E4%BA%A7%E5%93%81&pci=0&ct=1
171,http://tieba.baidu.com/f/index/forumpark?cn=%E8%83%BD%E6%BA%90%2F%E5%86%B6%E9%87%91%2F%E5%BB%BA%E6%9D%90&ci=0&pcn=%E5%B7%A5%E5%86%9C%E4%B8%9A%E4%BA%A7%E5%93%81&pci=0&ct=1
172,http://tieba.baidu.com/f/index/forumpark?cn=%E5%86%85%E5%9C%B0%E6%B5%81%E8%A1%8C%E9%9F%B3%E4%B9%90&ci=0&pcn=%E9%9F%B3%E4%B9%90&pci=0&ct=1
173,http://tieba.baidu.com/f/index/forumpark?cn=%E6%B8%AF%E5%8F%B0%E6%B5%81%E8%A1%8C%E9%9F%B3%E4%B9%90&ci=0&pcn=%E9%9F%B3%E4%B9%90&pci=0&ct=1
174,http://tieba.baidu.com/f/index/forumpark?cn=%E6%97%A5%E6%9C%AC%E6%B5%81%E8%A1%8C%E9%9F%B3%E4%B9%90&ci=0&pcn=%E9%9F%B3%E4%B9%90&pci=0&ct=1
175,http://tieba.baidu.com/f/index/forumpark?cn=%E9%9F%A9%E5%9B%BD%E6%B5%81%E8%A1%8C%E9%9F%B3%E4%B9%90&ci=0&pcn=%E9%9F%B3%E4%B9%90&pci=0&ct=1
176,http://tieba.baidu.com/f/index/forumpark?cn=%E6%AC%A7%E7%BE%8E%E6%B5%81%E8%A1%8C%E9%9F%B3%E4%B9%90&ci=0&pcn=%E9%9F%B3%E4%B9%90&pci=0&ct=1
177,http://tieba.baidu.com/f/index/forumpark?cn=%E6%91%87%E6%BB%9A%E9%9F%B3%E4%B9%90&ci=0&pcn=%E9%9F%B3%E4%B9%90&pci=0&ct=1
178,http://tieba.baidu.com/f/index/forumpark?cn=%E5%8F%A4%E5%85%B8%E9%9F%B3%E4%B9%90%26%E8%BD%BB%E9%9F%B3%E4%B9%90&ci=0&pcn=%E9%9F%B3%E4%B9%90&pci=0&ct=1
179,http://tieba.baidu.com/f/index/forumpark?cn=%E5%B0%91%E5%84%BF%E6%AD%8C%E6%9B%B2&ci=0&pcn=%E9%9F%B3%E4%B9%90&pci=0&ct=1
180,http://tieba.baidu.com/f/index/forumpark?cn=%E6%B0%91%E6%AD%8C&ci=0&pcn=%E9%9F%B3%E4%B9%90&pci=0&ct=1
181,http://tieba.baidu.com/f/index/forumpark?cn=%E4%B9%90%E5%99%A8&ci=0&pcn=%E9%9F%B3%E4%B9%90&pci=0&ct=1
182,http://tieba.baidu.com/f/index/forumpark?cn=%E9%9F%B3%E4%B9%90%E8%AF%9D%E9%A2%98&ci=0&pcn=%E9%9F%B3%E4%B9%90&pci=0&ct=1
183,http://tieba.baidu.com/f/index/forumpark?cn=%E5%85%B6%E4%BB%96%E5%9C%B0%E5%8C%BA%E6%B5%81%E8%A1%8C%E9%9F%B3%E4%B9%90&ci=0&pcn=%E9%9F%B3%E4%B9%90&pci=0&ct=1
184,http://tieba.baidu.com/f/index/forumpark?cn=nba%E7%90%83%E9%98%9F%E5%8F%8A%E8%B5%9B%E4%BA%8B&ci=0&pcn=%E4%BD%93%E8%82%B2&pci=0&ct=1
185,http://tieba.baidu.com/f/index/forumpark?cn=%E4%B8%AD%E5%9B%BD%E8%B6%B3%E7%90%83%E4%BF%B1%E4%B9%90%E9%83%A8%E5%8F%8A%E8%B5%9B%E4%BA%8B&ci=0&pcn=%E4%BD%93%E8%82%B2&pci=0&ct=1
186,http://tieba.baidu.com/f/index/forumpark?cn=%E5%8F%B0%E7%90%83&ci=0&pcn=%E4%BD%93%E8%82%B2&pci=0&ct=1
187,http://tieba.baidu.com/f/index/forumpark?cn=%E8%B5%9B%E8%BD%A6&ci=0&pcn=%E4%BD%93%E8%82%B2&pci=0&ct=1
188,http://tieba.baidu.com/f/index/forumpark?cn=%E7%94%B0%E5%BE%84&ci=0&pcn=%E4%BD%93%E8%82%B2&pci=0&ct=1
189,http://tieba.baidu.com/f/index/forumpark?cn=%E7%94%B0%E5%BE%84%E6%98%8E%E6%98%9F&ci=0&pcn=%E4%BD%93%E8%82%B2&pci=0&ct=1
190,http://tieba.baidu.com/f/index/forumpark?cn=%E8%8B%B1%E5%9B%BD%E8%B6%B3%E7%90%83%E4%BF%B1%E4%B9%90%E9%83%A8%E5%8F%8A%E8%B5%9B%E4%BA%8B&ci=0&pcn=%E4%BD%93%E8%82%B2&pci=0&ct=1
191,http://tieba.baidu.com/f/index/forumpark?cn=%E8%A5%BF%E7%8F%AD%E7%89%99%E8%B6%B3%E7%90%83%E4%BF%B1%E4%B9%90%E9%83%A8%E5%8F%8A%E8%B5%9B%E4%BA%8B&ci=0&pcn=%E4%BD%93%E8%82%B2&pci=0&ct=1
192,http://tieba.baidu.com/f/index/forumpark?cn=%E5%BE%B7%E5%9B%BD%E8%B6%B3%E7%90%83%E4%BF%B1%E4%B9%90%E9%83%A8%E5%8F%8A%E8%B5%9B%E4%BA%8B&ci=0&pcn=%E4%BD%93%E8%82%B2&pci=0&ct=1
193,http://tieba.baidu.com/f/index/forumpark?cn=%E6%84%8F%E5%A4%A7%E5%88%A9%E8%B6%B3%E7%90%83%E4%BF%B1%E4%B9%90%E9%83%A8%E5%8F%8A%E8%B5%9B%E4%BA%8B&ci=0&pcn=%E4%BD%93%E8%82%B2&pci=0&ct=1
194,http://tieba.baidu.com/f/index/forumpark?cn=%E6%B3%95%E5%9B%BD%E8%B6%B3%E7%90%83%E4%BF%B1%E4%B9%90%E9%83%A8%E5%8F%8A%E8%B5%9B%E4%BA%8B&ci=0&pcn=%E4%BD%93%E8%82%B2&pci=0&ct=1
195,http://tieba.baidu.com/f/index/forumpark?cn=%E8%B6%B3%E7%90%83%E6%98%8E%E6%98%9F&ci=0&pcn=%E4%BD%93%E8%82%B2&pci=0&ct=1
196,http://tieba.baidu.com/f/index/forumpark?cn=%E7%AF%AE%E7%90%83%E6%98%8E%E6%98%9F&ci=0&pcn=%E4%BD%93%E8%82%B2&pci=0&ct=1
197,http://tieba.baidu.com/f/index/forumpark?cn=%E7%BD%91%E7%90%83%E6%98%8E%E6%98%9F&ci=0&pcn=%E4%BD%93%E8%82%B2&pci=0&ct=1
198,http://tieba.baidu.com/f/index/forumpark?cn=%E4%BD%93%E6%93%8D%E6%98%8E%E6%98%9F&ci=0&pcn=%E4%BD%93%E8%82%B2&pci=0&ct=1
199,http://tieba.baidu.com/f/index/forumpark?cn=%E5%8F%B0%E7%90%83%E6%98%8E%E6%98%9F&ci=0&pcn=%E4%BD%93%E8%82%B2&pci=0&ct=1
200,http://tieba.baidu.com/f/index/forumpark?cn=%E7%AF%AE%E7%90%83%E5%9B%BD%E5%AE%B6%E9%98%9F%E3%80%81%E5%8D%8F%E4%BC%9A%E5%8F%8A%E8%B5%9B%E4%BA%8B&ci=0&pcn=%E4%BD%93%E8%82%B2&pci=0&ct=1
201,http://tieba.baidu.com/f/index/forumpark?cn=cba%E7%90%83%E9%98%9F%E5%8F%8A%E8%B5%9B%E4%BA%8B&ci=0&pcn=%E4%BD%93%E8%82%B2&pci=0&ct=1
202,http://tieba.baidu.com/f/index/forumpark?cn=%E7%94%B5%E5%AD%90%E7%AB%9E%E6%8A%80%E5%8F%8A%E9%80%89%E6%89%8B&ci=0&pcn=%E4%BD%93%E8%82%B2&pci=0&ct=1
203,http://tieba.baidu.com/f/index/forumpark?cn=%E6%8E%92%E7%90%83&ci=0&pcn=%E4%BD%93%E8%82%B2&pci=0&ct=1
204,http://tieba.baidu.com/f/index/forumpark?cn=%E6%8E%92%E7%90%83%E6%98%8E%E6%98%9F&ci=0&pcn=%E4%BD%93%E8%82%B2&pci=0&ct=1
205,http://tieba.baidu.com/f/index/forumpark?cn=%E6%A3%8B%E7%89%8C%E7%B1%BB&ci=0&pcn=%E4%BD%93%E8%82%B2&pci=0&ct=1
206,http://tieba.baidu.com/f/index/forumpark?cn=%E6%AD%A6%E6%9C%AF%E6%90%8F%E5%87%BB&ci=0&pcn=%E4%BD%93%E8%82%B2&pci=0&ct=1
207,http://tieba.baidu.com/f/index/forumpark?cn=%E6%B0%B4%E4%B8%8A%E8%BF%90%E5%8A%A8&ci=0&pcn=%E4%BD%93%E8%82%B2&pci=0&ct=1
208,http://tieba.baidu.com/f/index/forumpark?cn=%E6%B0%B4%E4%B8%8A%E8%BF%90%E5%8A%A8%E6%98%8E%E6%98%9F&ci=0&pcn=%E4%BD%93%E8%82%B2&pci=0&ct=1
209,http://tieba.baidu.com/f/index/forumpark?cn=%E5%86%AC%E5%AD%A3%E9%A1%B9%E7%9B%AE%E6%98%8E%E6%98%9F&ci=0&pcn=%E4%BD%93%E8%82%B2&pci=0&ct=1
210,http://tieba.baidu.com/f/index/forumpark?cn=%E5%86%B0%E4%B8%8A%E8%BF%90%E5%8A%A8&ci=0&pcn=%E4%BD%93%E8%82%B2&pci=0&ct=1
211,http://tieba.baidu.com/f/index/forumpark?cn=%E4%B9%92%E7%BE%BD%E6%98%8E%E6%98%9F&ci=0&pcn=%E4%BD%93%E8%82%B2&pci=0&ct=1
212,http://tieba.baidu.com/f/index/forumpark?cn=%E4%BC%91%E9%97%B2%E4%BD%93%E8%82%B2&ci=0&pcn=%E4%BD%93%E8%82%B2&pci=0&ct=1
213,http://tieba.baidu.com/f/index/forumpark?cn=%E8%88%9E%E8%B9%88&ci=0&pcn=%E4%BD%93%E8%82%B2&pci=0&ct=1
214,http://tieba.baidu.com/f/index/forumpark?cn=%E4%B9%92%E7%BE%BD%C2%B7%E7%BD%91%E7%90%83&ci=0&pcn=%E4%BD%93%E8%82%B2&pci=0&ct=1
215,http://tieba.baidu.com/f/index/forumpark?cn=%E8%B5%9B%E8%BD%A6%E6%98%8E%E6%98%9F&ci=0&pcn=%E4%BD%93%E8%82%B2&pci=0&ct=1
216,http://tieba.baidu.com/f/index/forumpark?cn=%E8%B6%B3%E7%90%83%E5%9B%BD%E5%AE%B6%E9%98%9F%E5%8F%8A%E5%8D%8F%E4%BC%9A&ci=0&pcn=%E4%BD%93%E8%82%B2&pci=0&ct=1
217,http://tieba.baidu.com/f/index/forumpark?cn=%E4%BD%93%E8%82%B2%E7%9B%B8%E5%85%B3%E8%AF%9D%E9%A2%98&ci=0&pcn=%E4%BD%93%E8%82%B2&pci=0&ct=1
218,http://tieba.baidu.com/f/index/forumpark?cn=%E4%BD%93%E8%82%B2%E8%AE%B0%E8%80%85%E5%8F%8A%E5%AA%92%E4%BD%93&ci=0&pcn=%E4%BD%93%E8%82%B2&pci=0&ct=1
219,http://tieba.baidu.com/f/index/forumpark?cn=%E5%85%B6%E4%BB%96%E4%BD%93%E8%82%B2%E6%98%8E%E6%98%9F&ci=0&pcn=%E4%BD%93%E8%82%B2&pci=0&ct=1
220,http://tieba.baidu.com/f/index/forumpark?cn=%E5%85%B6%E4%BB%96%E4%BD%93%E8%82%B2%E9%A1%B9%E7%9B%AE%E5%8F%8A%E8%B5%9B%E4%BA%8B&ci=0&pcn=%E4%BD%93%E8%82%B2&pci=0&ct=1
221,http://tieba.baidu.com/f/index/forumpark?cn=%E5%85%B6%E4%BB%96%E8%B6%B3%E7%90%83%E4%BF%B1%E4%B9%90%E9%83%A8%E5%8F%8A%E8%B5%9B%E4%BA%8B&ci=0&pcn=%E4%BD%93%E8%82%B2&pci=0&ct=1
222,http://tieba.baidu.com/f/index/forumpark?cn=%E5%8C%97%E4%BA%AC%E9%99%A2%E6%A0%A1&ci=0&pcn=%E9%AB%98%E7%AD%89%E9%99%A2%E6%A0%A1&pci=0&ct=1
223,http://tieba.baidu.com/f/index/forumpark?cn=%E5%B1%B1%E4%B8%9C%E9%99%A2%E6%A0%A1&ci=0&pcn=%E9%AB%98%E7%AD%89%E9%99%A2%E6%A0%A1&pci=0&ct=1
224,http://tieba.baidu.com/f/index/forumpark?cn=%E6%B1%9F%E8%8B%8F%E9%99%A2%E6%A0%A1&ci=0&pcn=%E9%AB%98%E7%AD%89%E9%99%A2%E6%A0%A1&pci=0&ct=1
225,http://tieba.baidu.com/f/index/forumpark?cn=%E5%9B%9B%E5%B7%9D%E9%99%A2%E6%A0%A1&ci=0&pcn=%E9%AB%98%E7%AD%89%E9%99%A2%E6%A0%A1&pci=0&ct=1
226,http://tieba.baidu.com/f/index/forumpark?cn=%E6%B9%96%E5%8C%97%E9%99%A2%E6%A0%A1&ci=0&pcn=%E9%AB%98%E7%AD%89%E9%99%A2%E6%A0%A1&pci=0&ct=1
227,http://tieba.baidu.com/f/index/forumpark?cn=%E6%B2%B3%E5%8C%97%E9%99%A2%E6%A0%A1&ci=0&pcn=%E9%AB%98%E7%AD%89%E9%99%A2%E6%A0%A1&pci=0&ct=1
228,http://tieba.baidu.com/f/index/forumpark?cn=%E5%AE%89%E5%BE%BD%E9%99%A2%E6%A0%A1&ci=0&pcn=%E9%AB%98%E7%AD%89%E9%99%A2%E6%A0%A1&pci=0&ct=1
229,http://tieba.baidu.com/f/index/forumpark?cn=%E9%99%95%E8%A5%BF%E9%99%A2%E6%A0%A1&ci=0&pcn=%E9%AB%98%E7%AD%89%E9%99%A2%E6%A0%A1&pci=0&ct=1
230,http://tieba.baidu.com/f/index/forumpark?cn=%E6%B5%99%E6%B1%9F%E9%99%A2%E6%A0%A1&ci=0&pcn=%E9%AB%98%E7%AD%89%E9%99%A2%E6%A0%A1&pci=0&ct=1
231,http://tieba.baidu.com/f/index/forumpark?cn=%E8%BE%BD%E5%AE%81%E9%99%A2%E6%A0%A1&ci=0&pcn=%E9%AB%98%E7%AD%89%E9%99%A2%E6%A0%A1&pci=0&ct=1
232,http://tieba.baidu.com/f/index/forumpark?cn=%E6%B9%96%E5%8D%97%E9%99%A2%E6%A0%A1&ci=0&pcn=%E9%AB%98%E7%AD%89%E9%99%A2%E6%A0%A1&pci=0&ct=1
233,http://tieba.baidu.com/f/index/forumpark?cn=%E7%A6%8F%E5%BB%BA%E9%99%A2%E6%A0%A1&ci=0&pcn=%E9%AB%98%E7%AD%89%E9%99%A2%E6%A0%A1&pci=0&ct=1
234,http://tieba.baidu.com/f/index/forumpark?cn=%E6%B1%9F%E8%A5%BF%E9%99%A2%E6%A0%A1&ci=0&pcn=%E9%AB%98%E7%AD%89%E9%99%A2%E6%A0%A1&pci=0&ct=1
235,http://tieba.baidu.com/f/index/forumpark?cn=%E9%87%8D%E5%BA%86%E9%99%A2%E6%A0%A1&ci=0&pcn=%E9%AB%98%E7%AD%89%E9%99%A2%E6%A0%A1&pci=0&ct=1
236,http://tieba.baidu.com/f/index/forumpark?cn=%E5%B9%BF%E4%B8%9C%E9%99%A2%E6%A0%A1&ci=0&pcn=%E9%AB%98%E7%AD%89%E9%99%A2%E6%A0%A1&pci=0&ct=1
237,http://tieba.baidu.com/f/index/forumpark?cn=%E6%B2%B3%E5%8D%97%E9%99%A2%E6%A0%A1&ci=0&pcn=%E9%AB%98%E7%AD%89%E9%99%A2%E6%A0%A1&pci=0&ct=1
238,http://tieba.baidu.com/f/index/forumpark?cn=%E5%B1%B1%E8%A5%BF%E9%99%A2%E6%A0%A1&ci=0&pcn=%E9%AB%98%E7%AD%89%E9%99%A2%E6%A0%A1&pci=0&ct=1
239,http://tieba.baidu.com/f/index/forumpark?cn=%E4%B8%8A%E6%B5%B7%E9%99%A2%E6%A0%A1&ci=0&pcn=%E9%AB%98%E7%AD%89%E9%99%A2%E6%A0%A1&pci=0&ct=1
240,http://tieba.baidu.com/f/index/forumpark?cn=%E9%BB%91%E9%BE%99%E6%B1%9F%E9%99%A2%E6%A0%A1&ci=0&pcn=%E9%AB%98%E7%AD%89%E9%99%A2%E6%A0%A1&pci=0&ct=1
241,http://tieba.baidu.com/f/index/forumpark?cn=%E5%A4%A9%E6%B4%A5%E9%99%A2%E6%A0%A1&ci=0&pcn=%E9%AB%98%E7%AD%89%E9%99%A2%E6%A0%A1&pci=0&ct=1
242,http://tieba.baidu.com/f/index/forumpark?cn=%E5%90%89%E6%9E%97%E9%99%A2%E6%A0%A1&ci=0&pcn=%E9%AB%98%E7%AD%89%E9%99%A2%E6%A0%A1&pci=0&ct=1
243,http://tieba.baidu.com/f/index/forumpark?cn=%E5%B9%BF%E8%A5%BF%E9%99%A2%E6%A0%A1&ci=0&pcn=%E9%AB%98%E7%AD%89%E9%99%A2%E6%A0%A1&pci=0&ct=1
244,http://tieba.baidu.com/f/index/forumpark?cn=%E4%BA%91%E5%8D%97%E9%99%A2%E6%A0%A1&ci=0&pcn=%E9%AB%98%E7%AD%89%E9%99%A2%E6%A0%A1&pci=0&ct=1
245,http://tieba.baidu.com/f/index/forumpark?cn=%E7%94%98%E8%82%83%E9%99%A2%E6%A0%A1&ci=0&pcn=%E9%AB%98%E7%AD%89%E9%99%A2%E6%A0%A1&pci=0&ct=1
246,http://tieba.baidu.com/f/index/forumpark?cn=%E5%86%85%E8%92%99%E5%8F%A4%E9%99%A2%E6%A0%A1&ci=0&pcn=%E9%AB%98%E7%AD%89%E9%99%A2%E6%A0%A1&pci=0&ct=1
247,http://tieba.baidu.com/f/index/forumpark?cn=%E8%B4%B5%E5%B7%9E%E9%99%A2%E6%A0%A1&ci=0&pcn=%E9%AB%98%E7%AD%89%E9%99%A2%E6%A0%A1&pci=0&ct=1
248,http://tieba.baidu.com/f/index/forumpark?cn=%E6%B5%B7%E5%8D%97%E9%99%A2%E6%A0%A1&ci=0&pcn=%E9%AB%98%E7%AD%89%E9%99%A2%E6%A0%A1&pci=0&ct=1
249,http://tieba.baidu.com/f/index/forumpark?cn=%E6%96%B0%E7%96%86%E9%99%A2%E6%A0%A1&ci=0&pcn=%E9%AB%98%E7%AD%89%E9%99%A2%E6%A0%A1&pci=0&ct=1
250,http://tieba.baidu.com/f/index/forumpark?cn=%E5%AE%81%E5%A4%8F%E9%99%A2%E6%A0%A1&ci=0&pcn=%E9%AB%98%E7%AD%89%E9%99%A2%E6%A0%A1&pci=0&ct=1
251,http://tieba.baidu.com/f/index/forumpark?cn=%E6%B8%AF%E6%BE%B3%E5%8F%B0%E9%99%A2%E6%A0%A1&ci=0&pcn=%E9%AB%98%E7%AD%89%E9%99%A2%E6%A0%A1&pci=0&ct=1
252,http://tieba.baidu.com/f/index/forumpark?cn=%E6%B5%B7%E5%A4%96%E9%99%A2%E6%A0%A1&ci=0&pcn=%E9%AB%98%E7%AD%89%E9%99%A2%E6%A0%A1&pci=0&ct=1
253,http://tieba.baidu.com/f/index/forumpark?cn=%E9%9D%92%E6%B5%B7%E9%99%A2%E6%A0%A1&ci=0&pcn=%E9%AB%98%E7%AD%89%E9%99%A2%E6%A0%A1&pci=0&ct=1
254,http://tieba.baidu.com/f/index/forumpark?cn=%E8%A5%BF%E8%97%8F%E9%99%A2%E6%A0%A1&ci=0&pcn=%E9%AB%98%E7%AD%89%E9%99%A2%E6%A0%A1&pci=0&ct=1
255,http://tieba.baidu.com/f/index/forumpark?cn=%E5%AD%A6%E6%A0%A1%E8%AF%9D%E9%A2%98&ci=0&pcn=%E9%AB%98%E7%AD%89%E9%99%A2%E6%A0%A1&pci=0&ct=1
256,http://tieba.baidu.com/f/index/forumpark?cn=%E6%A0%A1%E5%9B%AD%E9%9D%92%E6%98%A5&ci=0&pcn=%E9%AB%98%E7%AD%89%E9%99%A2%E6%A0%A1&pci=0&ct=1
257,http://tieba.baidu.com/f/index/forumpark?cn=%E5%B9%BF%E4%B8%9C%E4%B8%AD%E5%B0%8F%E5%AD%A6&ci=0&pcn=%E4%B8%AD%E5%B0%8F%E5%AD%A6&pci=0&ct=1
258,http://tieba.baidu.com/f/index/forumpark?cn=%E4%B8%8A%E6%B5%B7%E4%B8%AD%E5%B0%8F%E5%AD%A6&ci=0&pcn=%E4%B8%AD%E5%B0%8F%E5%AD%A6&pci=0&ct=1
259,http://tieba.baidu.com/f/index/forumpark?cn=%E4%BA%91%E5%8D%97%E4%B8%AD%E5%B0%8F%E5%AD%A6&ci=0&pcn=%E4%B8%AD%E5%B0%8F%E5%AD%A6&pci=0&ct=1
260,http://tieba.baidu.com/f/index/forumpark?cn=%E5%8C%97%E4%BA%AC%E4%B8%AD%E5%B0%8F%E5%AD%A6&ci=0&pcn=%E4%B8%AD%E5%B0%8F%E5%AD%A6&pci=0&ct=1
261,http://tieba.baidu.com/f/index/forumpark?cn=%E5%86%85%E8%92%99%E5%8F%A4%E4%B8%AD%E5%B0%8F%E5%AD%A6&ci=0&pcn=%E4%B8%AD%E5%B0%8F%E5%AD%A6&pci=0&ct=1
262,http://tieba.baidu.com/f/index/forumpark?cn=%E5%90%89%E6%9E%97%E4%B8%AD%E5%B0%8F%E5%AD%A6&ci=0&pcn=%E4%B8%AD%E5%B0%8F%E5%AD%A6&pci=0&ct=1
263,http://tieba.baidu.com/f/index/forumpark?cn=%E5%9B%9B%E5%B7%9D%E4%B8%AD%E5%B0%8F%E5%AD%A6&ci=0&pcn=%E4%B8%AD%E5%B0%8F%E5%AD%A6&pci=0&ct=1
264,http://tieba.baidu.com/f/index/forumpark?cn=%E5%A4%A9%E6%B4%A5%E4%B8%AD%E5%B0%8F%E5%AD%A6&ci=0&pcn=%E4%B8%AD%E5%B0%8F%E5%AD%A6&pci=0&ct=1
265,http://tieba.baidu.com/f/index/forumpark?cn=%E5%AE%89%E5%BE%BD%E4%B8%AD%E5%B0%8F%E5%AD%A6&ci=0&pcn=%E4%B8%AD%E5%B0%8F%E5%AD%A6&pci=0&ct=1
266,http://tieba.baidu.com/f/index/forumpark?cn=%E5%B1%B1%E4%B8%9C%E4%B8%AD%E5%B0%8F%E5%AD%A6&ci=0&pcn=%E4%B8%AD%E5%B0%8F%E5%AD%A6&pci=0&ct=1
267,http://tieba.baidu.com/f/index/forumpark?cn=%E5%B1%B1%E8%A5%BF%E4%B8%AD%E5%B0%8F%E5%AD%A6&ci=0&pcn=%E4%B8%AD%E5%B0%8F%E5%AD%A6&pci=0&ct=1
268,http://tieba.baidu.com/f/index/forumpark?cn=%E5%B9%BF%E8%A5%BF%E4%B8%AD%E5%B0%8F%E5%AD%A6&ci=0&pcn=%E4%B8%AD%E5%B0%8F%E5%AD%A6&pci=0&ct=1
269,http://tieba.baidu.com/f/index/forumpark?cn=%E6%96%B0%E7%96%86%E4%B8%AD%E5%B0%8F%E5%AD%A6&ci=0&pcn=%E4%B8%AD%E5%B0%8F%E5%AD%A6&pci=0&ct=1
270,http://tieba.baidu.com/f/index/forumpark?cn=%E6%B1%9F%E8%8B%8F%E4%B8%AD%E5%B0%8F%E5%AD%A6&ci=0&pcn=%E4%B8%AD%E5%B0%8F%E5%AD%A6&pci=0&ct=1
271,http://tieba.baidu.com/f/index/forumpark?cn=%E6%B1%9F%E8%A5%BF%E4%B8%AD%E5%B0%8F%E5%AD%A6&ci=0&pcn=%E4%B8%AD%E5%B0%8F%E5%AD%A6&pci=0&ct=1
272,http://tieba.baidu.com/f/index/forumpark?cn=%E6%B2%B3%E5%8C%97%E4%B8%AD%E5%B0%8F%E5%AD%A6&ci=0&pcn=%E4%B8%AD%E5%B0%8F%E5%AD%A6&pci=0&ct=1
273,http://tieba.baidu.com/f/index/forumpark?cn=%E6%B2%B3%E5%8D%97%E4%B8%AD%E5%B0%8F%E5%AD%A6&ci=0&pcn=%E4%B8%AD%E5%B0%8F%E5%AD%A6&pci=0&ct=1
274,http://tieba.baidu.com/f/index/forumpark?cn=%E6%B5%99%E6%B1%9F%E4%B8%AD%E5%B0%8F%E5%AD%A6&ci=0&pcn=%E4%B8%AD%E5%B0%8F%E5%AD%A6&pci=0&ct=1
275,http://tieba.baidu.com/f/index/forumpark?cn=%E6%B5%B7%E5%8D%97%E4%B8%AD%E5%B0%8F%E5%AD%A6&ci=0&pcn=%E4%B8%AD%E5%B0%8F%E5%AD%A6&pci=0&ct=1
276,http://tieba.baidu.com/f/index/forumpark?cn=%E6%B9%96%E5%8C%97%E4%B8%AD%E5%B0%8F%E5%AD%A6&ci=0&pcn=%E4%B8%AD%E5%B0%8F%E5%AD%A6&pci=0&ct=1
277,http://tieba.baidu.com/f/index/forumpark?cn=%E6%B9%96%E5%8D%97%E4%B8%AD%E5%B0%8F%E5%AD%A6&ci=0&pcn=%E4%B8%AD%E5%B0%8F%E5%AD%A6&pci=0&ct=1
278,http://tieba.baidu.com/f/index/forumpark?cn=%E7%A6%8F%E5%BB%BA%E4%B8%AD%E5%B0%8F%E5%AD%A6&ci=0&pcn=%E4%B8%AD%E5%B0%8F%E5%AD%A6&pci=0&ct=1
279,http://tieba.baidu.com/f/index/forumpark?cn=%E8%B4%B5%E5%B7%9E%E4%B8%AD%E5%B0%8F%E5%AD%A6&ci=0&pcn=%E4%B8%AD%E5%B0%8F%E5%AD%A6&pci=0&ct=1
280,http://tieba.baidu.com/f/index/forumpark?cn=%E8%BE%BD%E5%AE%81%E4%B8%AD%E5%B0%8F%E5%AD%A6&ci=0&pcn=%E4%B8%AD%E5%B0%8F%E5%AD%A6&pci=0&ct=1
281,http://tieba.baidu.com/f/index/forumpark?cn=%E9%87%8D%E5%BA%86%E4%B8%AD%E5%B0%8F%E5%AD%A6&ci=0&pcn=%E4%B8%AD%E5%B0%8F%E5%AD%A6&pci=0&ct=1
282,http://tieba.baidu.com/f/index/forumpark?cn=%E9%99%95%E8%A5%BF%E4%B8%AD%E5%B0%8F%E5%AD%A6&ci=0&pcn=%E4%B8%AD%E5%B0%8F%E5%AD%A6&pci=0&ct=1
283,http://tieba.baidu.com/f/index/forumpark?cn=%E9%BB%91%E9%BE%99%E6%B1%9F%E4%B8%AD%E5%B0%8F%E5%AD%A6&ci=0&pcn=%E4%B8%AD%E5%B0%8F%E5%AD%A6&pci=0&ct=1
284,http://tieba.baidu.com/f/index/forumpark?cn=%E5%AE%81%E5%A4%8F%E4%B8%AD%E5%B0%8F%E5%AD%A6&ci=0&pcn=%E4%B8%AD%E5%B0%8F%E5%AD%A6&pci=0&ct=1
285,http://tieba.baidu.com/f/index/forumpark?cn=%E8%A5%BF%E8%97%8F%E4%B8%AD%E5%B0%8F%E5%AD%A6&ci=0&pcn=%E4%B8%AD%E5%B0%8F%E5%AD%A6&pci=0&ct=1
286,http://tieba.baidu.com/f/index/forumpark?cn=%E9%9D%92%E6%B5%B7%E4%B8%AD%E5%B0%8F%E5%AD%A6&ci=0&pcn=%E4%B8%AD%E5%B0%8F%E5%AD%A6&pci=0&ct=1
287,http://tieba.baidu.com/f/index/forumpark?cn=%E7%94%98%E8%82%83%E4%B8%AD%E5%B0%8F%E5%AD%A6&ci=0&pcn=%E4%B8%AD%E5%B0%8F%E5%AD%A6&pci=0&ct=1
288,http://tieba.baidu.com/f/index/forumpark?cn=%E5%85%B6%E4%BB%96%E5%9C%B0%E5%8C%BA%E4%B8%AD%E5%B0%8F%E5%AD%A6%E5%8F%8A%E8%AF%9D%E9%A2%98&ci=0&pcn=%E4%B8%AD%E5%B0%8F%E5%AD%A6&pci=0&ct=1
289,http://tieba.baidu.com/f/index/forumpark?cn=%E5%B1%B1%E4%B8%9C&ci=0&pcn=%E5%9C%B0%E5%8C%BA&pci=0&ct=1
290,http://tieba.baidu.com/f/index/forumpark?cn=%E6%B2%B3%E5%8C%97&ci=0&pcn=%E5%9C%B0%E5%8C%BA&pci=0&ct=1
291,http://tieba.baidu.com/f/index/forumpark?cn=%E6%B2%B3%E5%8D%97&ci=0&pcn=%E5%9C%B0%E5%8C%BA&pci=0&ct=1
292,http://tieba.baidu.com/f/index/forumpark?cn=%E5%B1%B1%E8%A5%BF&ci=0&pcn=%E5%9C%B0%E5%8C%BA&pci=0&ct=1
293,http://tieba.baidu.com/f/index/forumpark?cn=%E6%B1%9F%E8%8B%8F&ci=0&pcn=%E5%9C%B0%E5%8C%BA&pci=0&ct=1
294,http://tieba.baidu.com/f/index/forumpark?cn=%E8%BE%BD%E5%AE%81&ci=0&pcn=%E5%9C%B0%E5%8C%BA&pci=0&ct=1
295,http://tieba.baidu.com/f/index/forumpark?cn=%E5%9B%9B%E5%B7%9D&ci=0&pcn=%E5%9C%B0%E5%8C%BA&pci=0&ct=1
296,http://tieba.baidu.com/f/index/forumpark?cn=%E5%B9%BF%E4%B8%9C&ci=0&pcn=%E5%9C%B0%E5%8C%BA&pci=0&ct=1
297,http://tieba.baidu.com/f/index/forumpark?cn=%E9%BB%91%E9%BE%99%E6%B1%9F&ci=0&pcn=%E5%9C%B0%E5%8C%BA&pci=0&ct=1
298,http://tieba.baidu.com/f/index/forumpark?cn=%E9%99%95%E8%A5%BF&ci=0&pcn=%E5%9C%B0%E5%8C%BA&pci=0&ct=1
299,http://tieba.baidu.com/f/index/forumpark?cn=%E5%AE%89%E5%BE%BD&ci=0&pcn=%E5%9C%B0%E5%8C%BA&pci=0&ct=1
300,http://tieba.baidu.com/f/index/forumpark?cn=%E6%B5%99%E6%B1%9F&ci=0&pcn=%E5%9C%B0%E5%8C%BA&pci=0&ct=1
301,http://tieba.baidu.com/f/index/forumpark?cn=%E6%B1%9F%E8%A5%BF&ci=0&pcn=%E5%9C%B0%E5%8C%BA&pci=0&ct=1
302,http://tieba.baidu.com/f/index/forumpark?cn=%E5%90%89%E6%9E%97&ci=0&pcn=%E5%9C%B0%E5%8C%BA&pci=0&ct=1
303,http://tieba.baidu.com/f/index/forumpark?cn=%E5%86%85%E8%92%99%E5%8F%A4&ci=0&pcn=%E5%9C%B0%E5%8C%BA&pci=0&ct=1
304,http://tieba.baidu.com/f/index/forumpark?cn=%E6%B9%96%E5%8C%97&ci=0&pcn=%E5%9C%B0%E5%8C%BA&pci=0&ct=1
305,http://tieba.baidu.com/f/index/forumpark?cn=%E7%A6%8F%E5%BB%BA&ci=0&pcn=%E5%9C%B0%E5%8C%BA&pci=0&ct=1
306,http://tieba.baidu.com/f/index/forumpark?cn=%E7%94%98%E8%82%83&ci=0&pcn=%E5%9C%B0%E5%8C%BA&pci=0&ct=1
307,http://tieba.baidu.com/f/index/forumpark?cn=%E6%B5%B7%E5%A4%96&ci=0&pcn=%E5%9C%B0%E5%8C%BA&pci=0&ct=1
308,http://tieba.baidu.com/f/index/forumpark?cn=%E6%B9%96%E5%8D%97&ci=0&pcn=%E5%9C%B0%E5%8C%BA&pci=0&ct=1
309,http://tieba.baidu.com/f/index/forumpark?cn=%E8%B4%B5%E5%B7%9E&ci=0&pcn=%E5%9C%B0%E5%8C%BA&pci=0&ct=1
310,http://tieba.baidu.com/f/index/forumpark?cn=%E5%8C%97%E4%BA%AC&ci=0&pcn=%E5%9C%B0%E5%8C%BA&pci=0&ct=1
311,http://tieba.baidu.com/f/index/forumpark?cn=%E4%BA%91%E5%8D%97&ci=0&pcn=%E5%9C%B0%E5%8C%BA&pci=0&ct=1
312,http://tieba.baidu.com/f/index/forumpark?cn=%E5%B9%BF%E8%A5%BF&ci=0&pcn=%E5%9C%B0%E5%8C%BA&pci=0&ct=1
313,http://tieba.baidu.com/f/index/forumpark?cn=%E5%A4%A9%E6%B4%A5&ci=0&pcn=%E5%9C%B0%E5%8C%BA&pci=0&ct=1
314,http://tieba.baidu.com/f/index/forumpark?cn=%E9%87%8D%E5%BA%86&ci=0&pcn=%E5%9C%B0%E5%8C%BA&pci=0&ct=1
315,http://tieba.baidu.com/f/index/forumpark?cn=%E4%B8%8A%E6%B5%B7&ci=0&pcn=%E5%9C%B0%E5%8C%BA&pci=0&ct=1
316,http://tieba.baidu.com/f/index/forumpark?cn=%E5%AE%81%E5%A4%8F&ci=0&pcn=%E5%9C%B0%E5%8C%BA&pci=0&ct=1
317,http://tieba.baidu.com/f/index/forumpark?cn=%E6%96%B0%E7%96%86&ci=0&pcn=%E5%9C%B0%E5%8C%BA&pci=0&ct=1
318,http://tieba.baidu.com/f/index/forumpark?cn=%E9%9D%92%E6%B5%B7&ci=0&pcn=%E5%9C%B0%E5%8C%BA&pci=0&ct=1
319,http://tieba.baidu.com/f/index/forumpark?cn=%E6%B5%B7%E5%8D%97&ci=0&pcn=%E5%9C%B0%E5%8C%BA&pci=0&ct=1
320,http://tieba.baidu.com/f/index/forumpark?cn=%E6%B8%AF%E6%BE%B3%E5%8F%B0&ci=0&pcn=%E5%9C%B0%E5%8C%BA&pci=0&ct=1
321,http://tieba.baidu.com/f/index/forumpark?cn=%E8%A5%BF%E8%97%8F&ci=0&pcn=%E5%9C%B0%E5%8C%BA&pci=0&ct=1
322,http://tieba.baidu.com/f/index/forumpark?cn=%E5%85%B6%E4%BB%96%E5%9C%B0%E5%8C%BA%E5%8F%8A%E8%AF%9D%E9%A2%98&ci=0&pcn=%E5%9C%B0%E5%8C%BA&pci=0&ct=1
323,http://tieba.baidu.com/f/index/forumpark?cn=%E8%89%BA%E6%9C%AF&ci=0&pcn=%E4%BA%BA%E6%96%87%E8%87%AA%E7%84%B6&pci=0&ct=1
324,http://tieba.baidu.com/f/index/forumpark?cn=%E5%86%9B%E4%BA%8B&ci=0&pcn=%E4%BA%BA%E6%96%87%E8%87%AA%E7%84%B6&pci=0&ct=1
325,http://tieba.baidu.com/f/index/forumpark?cn=%E5%8E%86%E5%8F%B2&ci=0&pcn=%E4%BA%BA%E6%96%87%E8%87%AA%E7%84%B6&pci=0&ct=1
326,http://tieba.baidu.com/f/index/forumpark?cn=%E8%87%AA%E7%84%B6&ci=0&pcn=%E4%BA%BA%E6%96%87%E8%87%AA%E7%84%B6&pci=0&ct=1
327,http://tieba.baidu.com/f/index/forumpark?cn=%E9%89%B4%E8%B5%8F%E6%94%B6%E8%97%8F&ci=0&pcn=%E4%BA%BA%E6%96%87%E8%87%AA%E7%84%B6&pci=0&ct=1
328,http://tieba.baidu.com/f/index/forumpark?cn=%E6%B0%91%E6%97%8F%E6%96%87%E5%8C%96&ci=0&pcn=%E4%BA%BA%E6%96%87%E8%87%AA%E7%84%B6&pci=0&ct=1
329,http://tieba.baidu.com/f/index/forumpark?cn=%E8%AF%AD%E8%A8%80%E6%96%87%E5%8C%96&ci=0&pcn=%E4%BA%BA%E6%96%87%E8%87%AA%E7%84%B6&pci=0&ct=1
330,http://tieba.baidu.com/f/index/forumpark?cn=%E5%8A%A8%E6%A4%8D%E7%89%A9&ci=0&pcn=%E4%BA%BA%E6%96%87%E8%87%AA%E7%84%B6&pci=0&ct=1
331,http://tieba.baidu.com/f/index/forumpark?cn=%E5%A7%93%E6%B0%8F%E6%96%87%E5%8C%96&ci=0&pcn=%E4%BA%BA%E6%96%87%E8%87%AA%E7%84%B6&pci=0&ct=1
332,http://tieba.baidu.com/f/index/forumpark?cn=%E7%A4%BE%E4%BC%9A%E7%A7%91%E5%AD%A6%E8%AF%9D%E9%A2%98&ci=0&pcn=%E4%BA%BA%E6%96%87%E8%87%AA%E7%84%B6&pci=0&ct=1
333,http://tieba.baidu.com/f/index/forumpark?cn=%E5%85%B6%E4%BB%96%E4%BA%BA%E6%96%87%E8%AF%9D%E9%A2%98&ci=0&pcn=%E4%BA%BA%E6%96%87%E8%87%AA%E7%84%B6&pci=0&ct=1
334,http://tieba.baidu.com/f/index/forumpark?cn=%E5%85%B6%E4%BB%96%E8%87%AA%E7%84%B6%E8%AF%9D%E9%A2%98&ci=0&pcn=%E4%BA%BA%E6%96%87%E8%87%AA%E7%84%B6&pci=0&ct=1
335,http://tieba.baidu.com/f/index/forumpark?cn=%E8%BE%A9%E8%AF%81&ci=101&pcn=%E6%8E%A2%E7%B4%A2%E8%80%85&pci=100&ct=0
336,http://tieba.baidu.com/f/index/forumpark?cn=%E5%9C%B0%E7%90%86&ci=102&pcn=%E6%8E%A2%E7%B4%A2%E8%80%85&pci=100&ct=0
337,http://tieba.baidu.com/f/index/forumpark?cn=%E6%96%B9%E8%A8%80&ci=103&pcn=%E6%8E%A2%E7%B4%A2%E8%80%85&pci=100&ct=0
338,http://tieba.baidu.com/f/index/forumpark?cn=%E6%94%BB%E7%95%A5&ci=104&pcn=%E6%8E%A2%E7%B4%A2%E8%80%85&pci=100&ct=0
339,http://tieba.baidu.com/f/index/forumpark?cn=%E5%BB%BA%E7%AD%91&ci=105&pcn=%E6%8E%A2%E7%B4%A2%E8%80%85&pci=100&ct=0
340,http://tieba.baidu.com/f/index/forumpark?cn=%E6%95%99%E5%AD%A6&ci=106&pcn=%E6%8E%A2%E7%B4%A2%E8%80%85&pci=100&ct=0
341,http://tieba.baidu.com/f/index/forumpark?cn=%E5%86%B7%E9%97%A8&ci=107&pcn=%E6%8E%A2%E7%B4%A2%E8%80%85&pci=100&ct=0
342,http://tieba.baidu.com/f/index/forumpark?cn=%E7%82%B9%E8%AF%84&ci=108&pcn=%E6%8E%A2%E7%B4%A2%E8%80%85&pci=100&ct=0
343,http://tieba.baidu.com/f/index/forumpark?cn=%E7%89%A9%E7%90%86&ci=109&pcn=%E6%8E%A2%E7%B4%A2%E8%80%85&pci=100&ct=0
344,http://tieba.baidu.com/f/index/forumpark?cn=%E5%BF%83%E7%90%86%E5%AD%A6&ci=110&pcn=%E6%8E%A2%E7%B4%A2%E8%80%85&pci=100&ct=0
345,http://tieba.baidu.com/f/index/forumpark?cn=%E5%A4%A7%E8%87%AA%E7%84%B6&ci=114&pcn=%E6%8E%A2%E7%B4%A2%E8%80%85&pci=100&ct=0
346,http://tieba.baidu.com/f/index/forumpark?cn=%E7%A7%91%E5%AD%A6&ci=116&pcn=%E6%8E%A2%E7%B4%A2%E8%80%85&pci=100&ct=0
347,http://tieba.baidu.com/f/index/forumpark?cn=%E4%BF%A1%E4%BB%B0&ci=267&pcn=%E6%8E%A2%E7%B4%A2%E8%80%85&pci=100&ct=0
348,http://tieba.baidu.com/f/index/forumpark?cn=%E4%BF%AE%E7%82%BC&ci=268&pcn=%E6%8E%A2%E7%B4%A2%E8%80%85&pci=100&ct=0
349,http://tieba.baidu.com/f/index/forumpark?cn=%E5%AE%97%E6%95%99%E7%A0%94%E7%A9%B6&ci=269&pcn=%E6%8E%A2%E7%B4%A2%E8%80%85&pci=100&ct=0
350,http://tieba.baidu.com/f/index/forumpark?cn=%E7%A5%9E%E7%A7%98%E8%A1%8C%E4%B8%BA&ci=270&pcn=%E6%8E%A2%E7%B4%A2%E8%80%85&pci=100&ct=0
351,http://tieba.baidu.com/f/index/forumpark?cn=%E4%BC%91%E9%97%B2%E6%B4%BB%E5%8A%A8&ci=0&pcn=%E7%94%9F%E6%B4%BB&pci=0&ct=1
352,http://tieba.baidu.com/f/index/forumpark?cn=%E5%85%B4%E8%B6%A3%E6%94%B6%E8%97%8F&ci=0&pcn=%E7%94%9F%E6%B4%BB&pci=0&ct=1
353,http://tieba.baidu.com/f/index/forumpark?cn=%E8%B4%B4%E5%9B%BE&ci=0&pcn=%E7%94%9F%E6%B4%BB&pci=0&ct=1
354,http://tieba.baidu.com/f/index/forumpark?cn=%E5%AE%A0%E7%89%A9&ci=0&pcn=%E7%94%9F%E6%B4%BB&pci=0&ct=1
355,http://tieba.baidu.com/f/index/forumpark?cn=%E5%A8%B1%E4%B9%90%E5%85%AB%E5%8D%A6&ci=0&pcn=%E7%94%9F%E6%B4%BB&pci=0&ct=1
356,http://tieba.baidu.com/f/index/forumpark?cn=%E6%98%9F%E5%BA%A7%E8%BF%90%E5%8A%BF&ci=0&pcn=%E7%94%9F%E6%B4%BB&pci=0&ct=1
357,http://tieba.baidu.com/f/index/forumpark?cn=%E6%97%85%E6%B8%B8&ci=0&pcn=%E7%94%9F%E6%B4%BB&pci=0&ct=1
358,http://tieba.baidu.com/f/index/forumpark?cn=%E6%97%B6%E5%B0%9A%E7%BE%8E%E5%AE%B9&ci=0&pcn=%E7%94%9F%E6%B4%BB&pci=0&ct=1
359,http://tieba.baidu.com/f/index/forumpark?cn=%E9%A5%AE%E9%A3%9F&ci=0&pcn=%E7%94%9F%E6%B4%BB&pci=0&ct=1
360,http://tieba.baidu.com/f/index/forumpark?cn=%E6%9D%82%E5%BF%97%E6%9C%9F%E5%88%8A&ci=0&pcn=%E7%94%9F%E6%B4%BB&pci=0&ct=1
361,http://tieba.baidu.com/f/index/forumpark?cn=%E6%AF%8D%E5%A9%B4&ci=0&pcn=%E7%94%9F%E6%B4%BB&pci=0&ct=1
362,http://tieba.baidu.com/f/index/forumpark?cn=%E8%8A%82%E6%97%A5&ci=0&pcn=%E7%94%9F%E6%B4%BB&pci=0&ct=1
363,http://tieba.baidu.com/f/index/forumpark?cn=%E5%81%A5%E5%BA%B7%E4%BF%9D%E5%81%A5&ci=0&pcn=%E7%94%9F%E6%B4%BB&pci=0&ct=1
364,http://tieba.baidu.com/f/index/forumpark?cn=%E5%8E%9F%E5%88%9B%E9%9F%B3%E8%A7%86%E9%A2%91%E8%AF%9D%E9%A2%98&ci=0&pcn=%E7%94%9F%E6%B4%BB&pci=0&ct=1
365,http://tieba.baidu.com/f/index/forumpark?cn=%E5%85%B6%E4%BB%96%E7%94%9F%E6%B4%BB%E8%AF%9D%E9%A2%98&ci=0&pcn=%E7%94%9F%E6%B4%BB&pci=0&ct=1
366,http://tieba.baidu.com/f/index/forumpark?cn=%E6%90%9E%E7%AC%91&ci=0&pcn=%E7%94%9F%E6%B4%BB&pci=0&ct=1
367,http://tieba.baidu.com/f/index/forumpark?cn=%E4%B8%AA%E6%8A%A4%E5%8C%96%E5%A6%86&ci=0&pcn=%E7%94%9F%E6%B4%BB%E7%94%A8%E5%93%81&pci=0&ct=1
368,http://tieba.baidu.com/f/index/forumpark?cn=%E4%BA%A4%E9%80%9A%E5%B7%A5%E5%85%B7%E3%80%81%E9%85%8D%E4%BB%B6%E5%8F%8A%E8%AE%BE%E6%96%BD&ci=0&pcn=%E7%94%9F%E6%B4%BB%E7%94%A8%E5%93%81&pci=0&ct=1
369,http://tieba.baidu.com/f/index/forumpark?cn=%E6%B1%BD%E8%BD%A6%E5%8F%8A%E9%85%8D%E4%BB%B6&ci=0&pcn=%E7%94%9F%E6%B4%BB%E7%94%A8%E5%93%81&pci=0&ct=1
370,http://tieba.baidu.com/f/index/forumpark?cn=%E5%8C%BB%E8%8D%AF%E4%BF%9D%E5%81%A5&ci=0&pcn=%E7%94%9F%E6%B4%BB%E7%94%A8%E5%93%81&pci=0&ct=1
371,http://tieba.baidu.com/f/index/forumpark?cn=%E5%AE%B6%E5%B1%85%E7%94%A8%E5%93%81&ci=0&pcn=%E7%94%9F%E6%B4%BB%E7%94%A8%E5%93%81&pci=0&ct=1
372,http://tieba.baidu.com/f/index/forumpark?cn=%E6%96%87%E6%95%99%C2%B7%E4%BD%93%E8%82%B2%C2%B7%E5%A8%B1%E4%B9%90%E5%92%8C%E5%B7%A5%E7%BE%8E%E7%94%A8%E5%93%81&ci=0&pcn=%E7%94%9F%E6%B4%BB%E7%94%A8%E5%93%81&pci=0&ct=1
373,http://tieba.baidu.com/f/index/forumpark?cn=%E6%9C%8D%E8%A3%85%E6%9C%8D%E9%A5%B0&ci=0&pcn=%E7%94%9F%E6%B4%BB%E7%94%A8%E5%93%81&pci=0&ct=1
374,http://tieba.baidu.com/f/index/forumpark?cn=%E7%AE%B1%E5%8C%85%E9%85%8D%E9%A5%B0&ci=0&pcn=%E7%94%9F%E6%B4%BB%E7%94%A8%E5%93%81&pci=0&ct=1
375,http://tieba.baidu.com/f/index/forumpark?cn=%E9%A3%9F%E5%93%81%E9%A5%AE%E6%96%99&ci=0&pcn=%E7%94%9F%E6%B4%BB%E7%94%A8%E5%93%81&pci=0&ct=1
376,http://tieba.baidu.com/f/index/forumpark?cn=%E5%85%B6%E4%BB%96%E7%94%9F%E6%B4%BB%E7%94%A8%E5%93%81%E5%8F%8A%E8%AF%9D%E9%A2%98&ci=0&pcn=%E7%94%9F%E6%B4%BB%E7%94%A8%E5%93%81&pci=0&ct=1
377,http://tieba.baidu.com/f/index/forumpark?cn=%E4%BA%A4%E9%80%9A%E8%BF%90%E8%BE%93&ci=0&pcn=%E5%95%86%E4%B8%9A%E6%9C%8D%E5%8A%A1&pci=0&ct=1
378,http://tieba.baidu.com/f/index/forumpark?cn=%E5%95%86%E5%8A%A1%E6%9C%8D%E5%8A%A1&ci=0&pcn=%E5%95%86%E4%B8%9A%E6%9C%8D%E5%8A%A1&pci=0&ct=1
379,http://tieba.baidu.com/f/index/forumpark?cn=%E5%BC%80%E9%87%87%C2%B7%E5%8A%A0%E5%B7%A5&ci=0&pcn=%E5%95%86%E4%B8%9A%E6%9C%8D%E5%8A%A1&pci=0&ct=1
380,http://tieba.baidu.com/f/index/forumpark?cn=%E7%94%9F%E6%B4%BB%E6%9C%8D%E5%8A%A1&ci=0&pcn=%E5%95%86%E4%B8%9A%E6%9C%8D%E5%8A%A1&pci=0&ct=1
381,http://tieba.baidu.com/f/index/forumpark?cn=%E7%BD%91%E7%BB%9C%E9%80%9A%E4%BF%A1%E6%9C%8D%E5%8A%A1&ci=0&pcn=%E5%95%86%E4%B8%9A%E6%9C%8D%E5%8A%A1&pci=0&ct=1
382,http://tieba.baidu.com/f/index/forumpark?cn=%E5%85%B6%E4%BB%96%E7%B1%BB%E5%9E%8B%E6%9C%8D%E5%8A%A1&ci=0&pcn=%E5%95%86%E4%B8%9A%E6%9C%8D%E5%8A%A1&pci=0&ct=1
383,http://tieba.baidu.com/f/index/forumpark?cn=%E6%81%8B%E7%88%B1&ci=0&pcn=%E6%83%85%E6%84%9F&pci=0&ct=1
384,http://tieba.baidu.com/f/index/forumpark?cn=%E7%BE%8E%E8%89%B2&ci=0&pcn=%E6%83%85%E6%84%9F&pci=0&ct=1
385,http://tieba.baidu.com/f/index/forumpark?cn=%E5%B9%B4%E4%BB%A3%E7%A7%80&ci=0&pcn=%E6%83%85%E6%84%9F&pci=0&ct=1
386,http://tieba.baidu.com/f/index/forumpark?cn=%E5%A9%9A%E5%A7%BB%E5%AE%B6%E5%BA%AD&ci=0&pcn=%E6%83%85%E6%84%9F&pci=0&ct=1
387,http://tieba.baidu.com/f/index/forumpark?cn=%E5%A5%B3%E6%80%A7%E8%AF%9D%E9%A2%98&ci=0&pcn=%E6%83%85%E6%84%9F&pci=0&ct=1
388,http://tieba.baidu.com/f/index/forumpark?cn=%E7%94%B7%E6%80%A7%E8%AF%9D%E9%A2%98&ci=0&pcn=%E6%83%85%E6%84%9F&pci=0&ct=1
389,http://tieba.baidu.com/f/index/forumpark?cn=%E6%84%9F%E6%83%85%E6%96%87%E5%8C%96&ci=0&pcn=%E6%83%85%E6%84%9F&pci=0&ct=1
390,http://tieba.baidu.com/f/index/forumpark?cn=%E6%83%85%E6%84%9F%E7%94%9F%E6%B4%BB&ci=0&pcn=%E6%83%85%E6%84%9F&pci=0&ct=1
391,http://tieba.baidu.com/f/index/forumpark?cn=%E5%85%B6%E4%BB%96%E6%83%85%E6%84%9F%E8%AF%9D%E9%A2%98&ci=0&pcn=%E6%83%85%E6%84%9F&pci=0&ct=1
392,http://tieba.baidu.com/f/index/forumpark?cn=%E6%89%8B%E6%9C%BA&ci=0&pcn=%E7%94%B5%E8%84%91%E6%95%B0%E7%A0%81&pci=0&ct=1
393,http://tieba.baidu.com/f/index/forumpark?cn=%E6%95%B0%E7%A0%81%E5%AE%B6%E7%94%B5&ci=0&pcn=%E7%94%B5%E8%84%91%E6%95%B0%E7%A0%81&pci=0&ct=1
394,http://tieba.baidu.com/f/index/forumpark?cn=%E7%94%B5%E8%84%91%E5%8F%8A%E7%A1%AC%E4%BB%B6&ci=0&pcn=%E7%94%B5%E8%84%91%E6%95%B0%E7%A0%81&pci=0&ct=1
395,http://tieba.baidu.com/f/index/forumpark?cn=%E7%94%B5%E8%84%91%E6%95%B0%E7%A0%81%E8%AF%9D%E9%A2%98&ci=0&pcn=%E7%94%B5%E8%84%91%E6%95%B0%E7%A0%81&pci=0&ct=1
396,http://tieba.baidu.com/f/index/forumpark?cn=%E5%85%AC%E7%9B%8A%E6%85%88%E5%96%84&ci=0&pcn=%E7%A4%BE%E4%BC%9A&pci=0&ct=1
397,http://tieba.baidu.com/f/index/forumpark?cn=%E5%8C%BB%E7%96%97%E6%9C%BA%E6%9E%84&ci=0&pcn=%E7%A4%BE%E4%BC%9A&pci=0&ct=1
398,http://tieba.baidu.com/f/index/forumpark?cn=%E7%A4%BE%E4%BC%9A%E4%BA%8B%E4%BB%B6%E5%8F%8A%E8%AF%9D%E9%A2%98&ci=0&pcn=%E7%A4%BE%E4%BC%9A&pci=0&ct=1
399,http://tieba.baidu.com/f/index/forumpark?cn=%E7%A4%BE%E4%BC%9A%E6%9C%BA%E6%9E%84&ci=0&pcn=%E7%A4%BE%E4%BC%9A&pci=0&ct=1
400,http://tieba.baidu.com/f/index/forumpark?cn=%E8%81%8C%E4%B8%9A%E8%AF%9D%E9%A2%98&ci=0&pcn=%E7%A4%BE%E4%BC%9A&pci=0&ct=1
401,http://tieba.baidu.com/f/index/forumpark?cn=%E5%9F%B9%E8%AE%AD%E6%9C%BA%E6%9E%84&ci=0&pcn=%E6%95%99%E8%82%B2%E5%9F%B9%E8%AE%AD&pci=0&ct=1
402,http://tieba.baidu.com/f/index/forumpark?cn=%E5%9F%BA%E7%A1%80%E6%95%99%E8%82%B2&ci=0&pcn=%E6%95%99%E8%82%B2%E5%9F%B9%E8%AE%AD&pci=0&ct=1
403,http://tieba.baidu.com/f/index/forumpark?cn=%E5%A4%96%E8%AF%AD%E5%AD%A6%E4%B9%A0&ci=0&pcn=%E6%95%99%E8%82%B2%E5%9F%B9%E8%AE%AD&pci=0&ct=1
404,http://tieba.baidu.com/f/index/forumpark?cn=%E6%95%99%E8%82%B2%E8%AF%9D%E9%A2%98&ci=0&pcn=%E6%95%99%E8%82%B2%E5%9F%B9%E8%AE%AD&pci=0&ct=1
405,http://tieba.baidu.com/f/index/forumpark?cn=%E7%95%99%E5%AD%A6&ci=0&pcn=%E6%95%99%E8%82%B2%E5%9F%B9%E8%AE%AD&pci=0&ct=1
406,http://tieba.baidu.com/f/index/forumpark?cn=%E8%81%8C%E4%B8%9A%E6%8A%80%E8%83%BD%E8%80%83%E8%AF%95%E4%B8%8E%E5%9F%B9%E8%AE%AD&ci=0&pcn=%E6%95%99%E8%82%B2%E5%9F%B9%E8%AE%AD&pci=0&ct=1
407,http://tieba.baidu.com/f/index/forumpark?cn=%E9%AB%98%E7%AD%89%E6%95%99%E8%82%B2&ci=0&pcn=%E6%95%99%E8%82%B2%E5%9F%B9%E8%AE%AD&pci=0&ct=1
408,http://tieba.baidu.com/f/index/forumpark?cn=%E4%B8%AD%E5%9B%BD%E5%8F%A4%E4%BB%A3%E5%8E%86%E5%8F%B2%E4%BA%BA%E7%89%A9&ci=0&pcn=%E5%8E%86%E5%8F%B2%E4%BA%BA%E7%89%A9&pci=0&ct=1
409,http://tieba.baidu.com/f/index/forumpark?cn=%E4%B8%AD%E5%9B%BD%E8%BF%91%E7%8E%B0%E4%BB%A3%E5%8E%86%E5%8F%B2%E4%BA%BA%E7%89%A9&ci=0&pcn=%E5%8E%86%E5%8F%B2%E4%BA%BA%E7%89%A9&pci=0&ct=1
410,http://tieba.baidu.com/f/index/forumpark?cn=%E5%8E%86%E5%8F%B2%E4%BA%BA%E7%89%A9%E8%AF%9D%E9%A2%98&ci=0&pcn=%E5%8E%86%E5%8F%B2%E4%BA%BA%E7%89%A9&pci=0&ct=1
411,http://tieba.baidu.com/f/index/forumpark?cn=%E5%A4%96%E5%9B%BD%E5%8E%86%E5%8F%B2%E4%BA%BA%E7%89%A9&ci=0&pcn=%E5%8E%86%E5%8F%B2%E4%BA%BA%E7%89%A9&pci=0&ct=1
412,http://tieba.baidu.com/f/index/forumpark?cn=%E5%85%B6%E4%BB%96%E5%BD%93%E4%BB%A3%E4%BA%BA%E7%89%A9&ci=0&pcn=%E5%BD%93%E4%BB%A3%E4%BA%BA%E7%89%A9&pci=0&ct=1
413,http://tieba.baidu.com/f/index/forumpark?cn=%E5%95%86%E4%B8%9A%E4%BA%BA%E7%89%A9&ci=0&pcn=%E5%BD%93%E4%BB%A3%E4%BA%BA%E7%89%A9&pci=0&ct=1
414,http://tieba.baidu.com/f/index/forumpark?cn=%E5%BD%93%E4%BB%A3%E5%86%9B%E4%BA%8B%E6%94%BF%E6%B2%BB%E4%BA%BA%E7%89%A9&ci=0&pcn=%E5%BD%93%E4%BB%A3%E4%BA%BA%E7%89%A9&pci=0&ct=1
415,http://tieba.baidu.com/f/index/forumpark?cn=%E5%BD%93%E4%BB%A3%E7%A4%BE%E4%BC%9A%E7%A7%91%E5%AD%A6%E4%BA%BA%E7%89%A9&ci=0&pcn=%E5%BD%93%E4%BB%A3%E4%BA%BA%E7%89%A9&pci=0&ct=1
416,http://tieba.baidu.com/f/index/forumpark?cn=%E5%BD%93%E4%BB%A3%E8%87%AA%E7%84%B6%E7%A7%91%E5%AD%A6%E4%BA%BA%E7%89%A9&ci=0&pcn=%E5%BD%93%E4%BB%A3%E4%BA%BA%E7%89%A9&pci=0&ct=1
417,http://tieba.baidu.com/f/index/forumpark?cn=%E5%BD%93%E4%BB%A3%E8%89%BA%E6%9C%AF%E4%BA%BA%E7%89%A9&ci=0&pcn=%E5%BD%93%E4%BB%A3%E4%BA%BA%E7%89%A9&pci=0&ct=1
418,http://tieba.baidu.com/f/index/forumpark?cn=%E7%83%AD%E7%82%B9%E6%96%B0%E9%97%BB%E4%BA%BA%E7%89%A9&ci=0&pcn=%E5%BD%93%E4%BB%A3%E4%BA%BA%E7%89%A9&pci=0&ct=1
419,http://tieba.baidu.com/f/index/forumpark?cn=%E5%93%81%E7%89%8C&ci=0&pcn=%E5%BD%93%E4%BB%A3%E4%BA%BA%E7%89%A9&pci=0&ct=1
420,http://tieba.baidu.com/f/index/forumpark?cn=%E4%BA%92%E8%81%94%E7%BD%91%E4%BA%A7%E5%93%81%E5%8F%8A%E8%AF%9D%E9%A2%98&ci=0&pcn=%E7%A7%91%E5%AD%A6%E6%8A%80%E6%9C%AF&pci=0&ct=1
421,http://tieba.baidu.com/f/index/forumpark?cn=%E7%A8%8B%E5%BA%8F%E8%AE%BE%E8%AE%A1&ci=0&pcn=%E7%A7%91%E5%AD%A6%E6%8A%80%E6%9C%AF&pci=0&ct=1
422,http://tieba.baidu.com/f/index/forumpark?cn=%E8%87%AA%E7%84%B6%E7%A7%91%E5%AD%A6%E8%AF%9D%E9%A2%98&ci=0&pcn=%E7%A7%91%E5%AD%A6%E6%8A%80%E6%9C%AF&pci=0&ct=1
423,http://tieba.baidu.com/f/index/forumpark?cn=%E8%AE%A1%E7%AE%97%E6%9C%BA%E8%BD%AF%E4%BB%B6&ci=0&pcn=%E7%A7%91%E5%AD%A6%E6%8A%80%E6%9C%AF&pci=0&ct=1
424,http://tieba.baidu.com/f/index/forumpark?cn=%E5%85%B6%E4%BB%96%E7%A7%91%E6%8A%80%E8%AF%9D%E9%A2%98&ci=0&pcn=%E7%A7%91%E5%AD%A6%E6%8A%80%E6%9C%AF&pci=0&ct=1
425,http://tieba.baidu.com/f/index/forumpark?cn=%E5%85%B6%E4%BB%96%E8%AE%A1%E7%AE%97%E6%9C%BA%E7%9B%B8%E5%85%B3&ci=0&pcn=%E7%A7%91%E5%AD%A6%E6%8A%80%E6%9C%AF&pci=0&ct=1
426,http://tieba.baidu.com/f/index/forumpark?cn=B%E8%82%A1&ci=0&pcn=%E9%87%91%E8%9E%8D&pci=0&ct=1
427,http://tieba.baidu.com/f/index/forumpark?cn=%E5%9F%BA%E9%87%91&ci=0&pcn=%E9%87%91%E8%9E%8D&pci=0&ct=1
428,http://tieba.baidu.com/f/index/forumpark?cn=%E6%9C%9F%E8%B4%A7%2F%E6%9D%83%E8%AF%81&ci=0&pcn=%E9%87%91%E8%9E%8D&pci=0&ct=1
429,http://tieba.baidu.com/f/index/forumpark?cn=%E6%B2%AA%E5%B8%82A%E8%82%A1&ci=0&pcn=%E9%87%91%E8%9E%8D&pci=0&ct=1
430,http://tieba.baidu.com/f/index/forumpark?cn=%E6%B7%B1%E5%B8%82A%E8%82%A1&ci=0&pcn=%E9%87%91%E8%9E%8D&pci=0&ct=1
431,http://tieba.baidu.com/f/index/forumpark?cn=%E9%87%91%E8%9E%8D%E7%BB%84%E7%BB%87%E6%9C%BA%E6%9E%84&ci=0&pcn=%E9%87%91%E8%9E%8D&pci=0&ct=1
432,http://tieba.baidu.com/f/index/forumpark?cn=%E5%85%B6%E4%BB%96%E9%87%91%E8%9E%8D%E6%9C%8D%E5%8A%A1%E5%8F%8A%E4%BA%A7%E5%93%81&ci=0&pcn=%E9%87%91%E8%9E%8D&pci=0&ct=1
433,http://tieba.baidu.com/f/index/forumpark?cn=%E7%BE%8E%E5%AE%B9%E4%BF%9D%E5%81%A5&ci=0&pcn=%E4%BC%81%E4%B8%9A&pci=0&ct=1
434,http://tieba.baidu.com/f/index/forumpark?cn=%E4%BA%92%E8%81%94%E7%BD%91%E4%BC%81%E4%B8%9A&ci=0&pcn=%E4%BC%81%E4%B8%9A&pci=0&ct=1
435,http://tieba.baidu.com/f/index/forumpark?cn=%E4%BA%A4%E9%80%9A%E8%BF%90%E8%BE%93%E3%80%81%E4%BB%93%E5%82%A8%E5%92%8C%E9%82%AE%E6%94%BF%E4%B8%9A&ci=0&pcn=%E4%BC%81%E4%B8%9A&pci=0&ct=1
436,http://tieba.baidu.com/f/index/forumpark?cn=%E4%BC%81%E4%B8%9A%E8%AF%9D%E9%A2%98&ci=0&pcn=%E4%BC%81%E4%B8%9A&pci=0&ct=1
437,http://tieba.baidu.com/f/index/forumpark?cn=%E9%A4%90%E9%A5%AE%E7%BE%8E%E9%A3%9F&ci=0&pcn=%E4%BC%81%E4%B8%9A&pci=0&ct=1
438,http://tieba.baidu.com/f/index/forumpark?cn=%E5%86%9C%E6%9E%97%E7%89%A7%E6%B8%94&ci=0&pcn=%E4%BC%81%E4%B8%9A&pci=0&ct=1
439,http://tieba.baidu.com/f/index/forumpark?cn=%E5%8C%85%E8%A3%85%2F%E5%8D%B0%E5%88%B7%2F%E7%BA%B8%E4%B8%9A&ci=0&pcn=%E4%BC%81%E4%B8%9A&pci=0&ct=1
440,http://tieba.baidu.com/f/index/forumpark?cn=%E5%8C%BB%E8%8D%AF%E4%BF%9D%E5%81%A5%E4%BC%81%E4%B8%9A&ci=0&pcn=%E4%BC%81%E4%B8%9A&pci=0&ct=1
441,http://tieba.baidu.com/f/index/forumpark?cn=%E5%95%86%E5%8A%A1%E6%9C%8D%E5%8A%A1%E4%B8%9A&ci=0&pcn=%E4%BC%81%E4%B8%9A&pci=0&ct=1
442,http://tieba.baidu.com/f/index/forumpark?cn=%E5%AE%B6%E5%B1%85%E7%94%A8%E5%93%81&ci=0&pcn=%E4%BC%81%E4%B8%9A&pci=0&ct=1
443,http://tieba.baidu.com/f/index/forumpark?cn=%E5%BB%BA%E7%AD%91%E4%B8%9A&ci=0&pcn=%E4%BC%81%E4%B8%9A&pci=0&ct=1
444,http://tieba.baidu.com/f/index/forumpark?cn=%E6%88%BF%E5%9C%B0%E4%BA%A7&ci=0&pcn=%E4%BC%81%E4%B8%9A&pci=0&ct=1
445,http://tieba.baidu.com/f/index/forumpark?cn=%E6%89%B9%E5%8F%91%E9%9B%B6%E5%94%AE%E4%B8%9A&ci=0&pcn=%E4%BC%81%E4%B8%9A&pci=0&ct=1
446,http://tieba.baidu.com/f/index/forumpark?cn=%E6%95%B0%E7%A0%81%E5%AE%B6%E7%94%B5&ci=0&pcn=%E4%BC%81%E4%B8%9A&pci=0&ct=1
447,http://tieba.baidu.com/f/index/forumpark?cn=%E5%A8%B1%E4%B9%90%E4%BC%91%E9%97%B2&ci=0&pcn=%E4%BC%81%E4%B8%9A&pci=0&ct=1
448,http://tieba.baidu.com/f/index/forumpark?cn=%E6%9C%8D%E8%A3%85%E6%9C%8D%E9%A5%B0%E4%BC%81%E4%B8%9A&ci=0&pcn=%E4%BC%81%E4%B8%9A&pci=0&ct=1
449,http://tieba.baidu.com/f/index/forumpark?cn=%E6%9C%BA%E6%A2%B0%E8%AE%BE%E5%A4%87&ci=0&pcn=%E4%BC%81%E4%B8%9A&pci=0&ct=1
450,http://tieba.baidu.com/f/index/forumpark?cn=%E6%B1%BD%E8%BD%A6%E5%88%B6%E9%80%A0%E4%B8%9A&ci=0&pcn=%E4%BC%81%E4%B8%9A&pci=0&ct=1
451,http://tieba.baidu.com/f/index/forumpark?cn=%E7%94%9F%E6%B4%BB%E6%9C%8D%E5%8A%A1%E4%B8%9A&ci=0&pcn=%E4%BC%81%E4%B8%9A&pci=0&ct=1
452,http://tieba.baidu.com/f/index/forumpark?cn=IT%E8%A1%8C%E4%B8%9A&ci=0&pcn=%E4%BC%81%E4%B8%9A&pci=0&ct=1
453,http://tieba.baidu.com/f/index/forumpark?cn=%E5%95%86%E5%9C%BA%E8%B4%AD%E7%89%A9&ci=0&pcn=%E4%BC%81%E4%B8%9A&pci=0&ct=1
454,http://tieba.baidu.com/f/index/forumpark?cn=%E7%BA%BA%E7%BB%87%2F%E5%8C%96%E5%B7%A5%2F%E5%8C%96%E5%AD%A6%E5%93%81&ci=0&pcn=%E4%BC%81%E4%B8%9A&pci=0&ct=1
455,http://tieba.baidu.com/f/index/forumpark?cn=%E8%83%BD%E6%BA%90%2F%E5%86%B6%E9%87%91%2F%E5%BB%BA%E6%9D%90&ci=0&pcn=%E4%BC%81%E4%B8%9A&pci=0&ct=1
456,http://tieba.baidu.com/f/index/forumpark?cn=%E5%85%B6%E4%BB%96%E7%B1%BB%E5%9E%8B%E4%BC%81%E4%B8%9A&ci=0&pcn=%E4%BC%81%E4%B8%9A&pci=0&ct=1
457,http://tieba.baidu.com/f/index/forumpark?cn=%E9%A3%9F%E5%93%81%E9%A5%AE%E6%96%99%E4%BC%81%E4%B8%9A&ci=0&pcn=%E4%BC%81%E4%B8%9A&pci=0&ct=1
458,http://tieba.baidu.com/f/index/forumpark?cn=%E5%93%81%E7%89%8C&ci=0&pcn=%E4%BC%81%E4%B8%9A&pci=0&ct=1
459,http://tieba.baidu.com/f/index/forumpark?cn=%E8%B4%B4%E5%90%A7%E7%AE%A1%E7%90%86%E4%B8%AD%E5%BF%83&ci=0&pcn=%E7%99%BE%E5%BA%A6%E6%9C%8D%E5%8A%A1%E4%B8%AD%E5%BF%83&pci=0&ct=1
460,http://tieba.baidu.com/f/index/forumpark?cn=%E8%B4%B4%E5%90%A7%E6%B4%BB%E5%8A%A8%E4%B8%8E%E4%BA%A4%E6%B5%81&ci=0&pcn=%E7%99%BE%E5%BA%A6%E6%9C%8D%E5%8A%A1%E4%B8%AD%E5%BF%83&pci=0&ct=1
461,http://tieba.baidu.com/f/index/forumpark?cn=%E7%99%BE%E5%BA%A6%E5%85%B6%E4%BB%96%E4%BA%A7%E5%93%81&ci=0&pcn=%E7%99%BE%E5%BA%A6%E6%9C%8D%E5%8A%A1%E4%B8%AD%E5%BF%83&pci=0&ct=1
